feature_name,source_file,source_column,block_name,geography,transform_type,native_frequency,lag_months,available_in_feature_master_monthly,available_in_modeling_panel_hstack,is_interaction,first_valid_date,last_valid_date,nonmissing_count,nonmissing_share,notes
asset_group_dummy_alternative,derived_v4,asset_group_dummy_alternative,metadata_dummy,SLEEVE_SPECIFIC,dummy_flag,monthly,0,1,1,0,2006-01-31,2026-02-28,3630,1.0,Static sleeve/group relevance indicator for v4 interactions.
asset_group_dummy_credit,derived_v4,asset_group_dummy_credit,metadata_dummy,SLEEVE_SPECIFIC,dummy_flag,monthly,0,1,1,0,2006-01-31,2026-02-28,3630,1.0,Static sleeve/group relevance indicator for v4 interactions.
asset_group_dummy_equity,derived_v4,asset_group_dummy_equity,metadata_dummy,SLEEVE_SPECIFIC,dummy_flag,monthly,0,1,1,0,2006-01-31,2026-02-28,3630,1.0,Static sleeve/group relevance indicator for v4 interactions.
asset_group_dummy_fixed_income,derived_v4,asset_group_dummy_fixed_income,metadata_dummy,SLEEVE_SPECIFIC,dummy_flag,monthly,0,1,1,0,2006-01-31,2026-02-28,3630,1.0,Static sleeve/group relevance indicator for v4 interactions.
asset_group_dummy_real_asset,derived_v4,asset_group_dummy_real_asset,metadata_dummy,SLEEVE_SPECIFIC,dummy_flag,monthly,0,1,1,0,2006-01-31,2026-02-28,3630,1.0,Static sleeve/group relevance indicator for v4 interactions.
cape_china,data/external/akif_candidates/Historic-cape-ratios (1).csv,China,cape,CHINA,level,monthly,0,1,1,0,2006-01-31,2026-02-28,3630,1.0,
cape_china_delta_1m,data/external/akif_candidates/Historic-cape-ratios (1).csv,China,cape,CHINA,delta_1m,monthly,0,1,1,0,2006-02-28,2026-02-28,3615,0.9958677685950413,Derived from cape_china
cape_europe,data/external/akif_candidates/Historic-cape-ratios (1).csv,Europe,cape,EURO_AREA,level,monthly,0,1,1,0,2006-01-31,2026-02-28,3630,1.0,
cape_europe_delta_1m,data/external/akif_candidates/Historic-cape-ratios (1).csv,Europe,cape,EURO_AREA,delta_1m,monthly,0,1,1,0,2006-02-28,2026-02-28,3615,0.9958677685950413,Derived from cape_europe
cape_japan,data/external/akif_candidates/Historic-cape-ratios (1).csv,Japan,cape,JAPAN,level,monthly,0,1,1,0,2006-01-31,2026-02-28,3630,1.0,
cape_japan_delta_1m,data/external/akif_candidates/Historic-cape-ratios (1).csv,Japan,cape,JAPAN,delta_1m,monthly,0,1,1,0,2006-02-28,2026-02-28,3615,0.9958677685950413,Derived from cape_japan
cape_local,derived_v4,cape_local,local_mapping,LOCAL_MAPPED,mapped_alias,monthly,0,1,1,0,2006-01-31,2026-02-28,2662,0.7333333333333333,"Mapped local CAPE, extended to China CAPE for EQ_CN."
cape_usa,data/external/akif_candidates/Historic-cape-ratios (1).csv,USA,cape,US,level,monthly,0,1,1,0,2006-01-31,2026-02-28,3630,1.0,
cape_usa_delta_1m,data/external/akif_candidates/Historic-cape-ratios (1).csv,USA,cape,US,delta_1m,monthly,0,1,1,0,2006-02-28,2026-02-28,3615,0.9958677685950413,Derived from cape_usa
china_cli,country_level_macro_data/china_cli.csv,COMPOSITE LEADING IN,china_macro,CHINA,level,monthly,1,1,1,0,2006-01-31,2026-02-28,3630,1.0,
china_cli_delta_1m,country_level_macro_data/china_cli.csv,COMPOSITE LEADING IN,china_macro,CHINA,delta_1m,monthly,1,1,1,0,2006-02-28,2026-02-28,3615,0.9958677685950413,Derived from china_cli
china_cmi,country_level_macro_data/china_gdp_cmi.csv,CMI,china_macro,CHINA,level,monthly,1,1,1,0,2006-01-31,2026-02-28,3630,1.0,
china_cmi_delta_1m,country_level_macro_data/china_gdp_cmi.csv,CMI,china_macro,CHINA,delta_1m,monthly,1,1,1,0,2006-02-28,2026-02-28,3615,0.9958677685950413,Derived from china_cmi
china_cpi_clothing,country_level_macro_data/china_cpi_data.csv,Clothing,china_macro,CHINA,level,monthly,1,1,1,0,2006-01-31,2026-02-28,3630,1.0,
china_cpi_clothing_delta_1m,country_level_macro_data/china_cpi_data.csv,Clothing,china_macro,CHINA,delta_1m,monthly,1,1,1,0,2006-02-28,2026-02-28,3615,0.9958677685950413,Derived from china_cpi_clothing
china_cpi_core,country_level_macro_data/china_cpi_data.csv,Core,china_macro,CHINA,level,monthly,1,1,1,0,2008-03-31,2026-02-28,3240,0.8925619834710744,
china_cpi_core_delta_1m,country_level_macro_data/china_cpi_data.csv,Core,china_macro,CHINA,delta_1m,monthly,1,1,1,0,2008-04-30,2026-02-28,3225,0.8884297520661157,Derived from china_cpi_core
china_cpi_education_culture,country_level_macro_data/china_cpi_data.csv,Education culture & recreation,china_macro,CHINA,level,monthly,1,1,1,0,2006-01-31,2026-02-28,3630,1.0,
china_cpi_education_culture_delta_1m,country_level_macro_data/china_cpi_data.csv,Education culture & recreation,china_macro,CHINA,delta_1m,monthly,1,1,1,0,2006-02-28,2026-02-28,3615,0.9958677685950413,Derived from china_cpi_education_culture
china_cpi_food,country_level_macro_data/china_cpi_data.csv,Food,china_macro,CHINA,level,monthly,1,1,1,0,2006-01-31,2026-02-28,3630,1.0,
china_cpi_food_delta_1m,country_level_macro_data/china_cpi_data.csv,Food,china_macro,CHINA,delta_1m,monthly,1,1,1,0,2006-02-28,2026-02-28,3615,0.9958677685950413,Derived from china_cpi_food
china_cpi_headline,country_level_macro_data/china_cpi_data.csv,Headline,china_macro,CHINA,level,monthly,1,1,1,0,2006-01-31,2026-02-28,3630,1.0,
china_cpi_headline_delta_1m,country_level_macro_data/china_cpi_data.csv,Headline,china_macro,CHINA,delta_1m,monthly,1,1,1,0,2006-02-28,2026-02-28,3615,0.9958677685950413,Derived from china_cpi_headline
china_cpi_health_care,country_level_macro_data/china_cpi_data.csv,Health care,china_macro,CHINA,level,monthly,1,1,1,0,2006-01-31,2026-02-28,3630,1.0,
china_cpi_health_care_delta_1m,country_level_macro_data/china_cpi_data.csv,Health care,china_macro,CHINA,delta_1m,monthly,1,1,1,0,2006-02-28,2026-02-28,3615,0.9958677685950413,Derived from china_cpi_health_care
china_cpi_household_articles,country_level_macro_data/china_cpi_data.csv,Household articles & services,china_macro,CHINA,level,monthly,1,1,1,0,2006-01-31,2026-02-28,3630,1.0,
china_cpi_household_articles_delta_1m,country_level_macro_data/china_cpi_data.csv,Household articles & services,china_macro,CHINA,delta_1m,monthly,1,1,1,0,2006-02-28,2026-02-28,3615,0.9958677685950413,Derived from china_cpi_household_articles
china_cpi_residence,country_level_macro_data/china_cpi_data.csv,Residence,china_macro,CHINA,level,monthly,1,1,1,0,2006-01-31,2026-02-28,3630,1.0,
china_cpi_residence_delta_1m,country_level_macro_data/china_cpi_data.csv,Residence,china_macro,CHINA,delta_1m,monthly,1,1,1,0,2006-02-28,2026-02-28,3615,0.9958677685950413,Derived from china_cpi_residence
china_cpi_transport_comm,country_level_macro_data/china_cpi_data.csv,Transport and communication,china_macro,CHINA,level,monthly,1,1,1,0,2006-01-31,2026-02-28,3630,1.0,
china_cpi_transport_comm_delta_1m,country_level_macro_data/china_cpi_data.csv,Transport and communication,china_macro,CHINA,delta_1m,monthly,1,1,1,0,2006-02-28,2026-02-28,3615,0.9958677685950413,Derived from china_cpi_transport_comm
china_div_yield,country_level_macro_data/China_dividend_yield.csv,China,china_valuation,CHINA,level,monthly,0,1,1,0,2006-01-31,2026-02-28,3630,1.0,
china_div_yield_delta_1m,country_level_macro_data/China_dividend_yield.csv,China,china_valuation,CHINA,delta_1m,monthly,0,1,1,0,2006-02-28,2026-02-28,3615,0.9958677685950413,Derived from china_div_yield
china_div_yield_em,country_level_macro_data/China_dividend_yield.csv,Emerging markets,china_valuation,EM_GLOBAL,level,monthly,0,1,1,0,2006-01-31,2026-02-28,3630,1.0,
china_div_yield_em_delta_1m,country_level_macro_data/China_dividend_yield.csv,Emerging markets,china_valuation,EM_GLOBAL,delta_1m,monthly,0,1,1,0,2006-02-28,2026-02-28,3615,0.9958677685950413,Derived from china_div_yield_em
china_div_yield_spread,country_level_macro_data/China_dividend_yield.csv,Spread (RHS),china_valuation,CHINA,level,monthly,0,1,1,0,2006-01-31,2026-02-28,3630,1.0,
china_div_yield_spread_delta_1m,country_level_macro_data/China_dividend_yield.csv,Spread (RHS),china_valuation,CHINA,delta_1m,monthly,0,1,1,0,2006-02-28,2026-02-28,3615,0.9958677685950413,Derived from china_div_yield_spread
china_fiscal_expenditure,country_level_macro_data/china_fiscal_socioeconomic.csv,Expenditure,china_macro,CHINA,level,monthly,1,1,1,0,2006-01-31,2026-02-28,3630,1.0,
china_fiscal_expenditure_delta_1m,country_level_macro_data/china_fiscal_socioeconomic.csv,Expenditure,china_macro,CHINA,delta_1m,monthly,1,1,1,0,2006-02-28,2026-02-28,3615,0.9958677685950413,Derived from china_fiscal_expenditure
china_fiscal_revenue,country_level_macro_data/china_fiscal_socioeconomic.csv,Revenue,china_macro,CHINA,level,monthly,1,1,1,0,2006-01-31,2026-02-28,3630,1.0,
china_fiscal_revenue_delta_1m,country_level_macro_data/china_fiscal_socioeconomic.csv,Revenue,china_macro,CHINA,delta_1m,monthly,1,1,1,0,2006-02-28,2026-02-28,3615,0.9958677685950413,Derived from china_fiscal_revenue
china_gdp_official,country_level_macro_data/china_gdp_cmi.csv,Official GDP,china_macro,CHINA,level,quarterly,4,1,1,0,2006-01-31,2026-02-28,3630,1.0,
china_gdp_official_delta_1m,country_level_macro_data/china_gdp_cmi.csv,Official GDP,china_macro,CHINA,delta_1m,quarterly,4,1,1,0,2006-02-28,2026-02-28,3615,0.9958677685950413,Derived from china_gdp_official
china_houseprice_100cities,country_level_macro_data/china_fiscal_socioeconomic.csv,China Index Academy avg 100 cities,china_macro,CHINA,level,monthly,1,1,1,0,2011-08-31,2026-02-28,2625,0.7231404958677686,
china_houseprice_100cities_delta_1m,country_level_macro_data/china_fiscal_socioeconomic.csv,China Index Academy avg 100 cities,china_macro,CHINA,delta_1m,monthly,1,1,1,0,2011-09-30,2026-02-28,2610,0.71900826446281,Derived from china_houseprice_100cities
china_houseprice_nbs_existing70,country_level_macro_data/china_fiscal_socioeconomic.csv,NBS avg 70 cities existing,china_macro,CHINA,level,monthly,1,1,1,0,2011-03-31,2026-02-28,2700,0.743801652892562,
china_houseprice_nbs_existing70_delta_1m,country_level_macro_data/china_fiscal_socioeconomic.csv,NBS avg 70 cities existing,china_macro,CHINA,delta_1m,monthly,1,1,1,0,2011-04-30,2026-02-28,2685,0.7396694214876033,Derived from china_houseprice_nbs_existing70
china_houseprice_nbs_new70,country_level_macro_data/china_fiscal_socioeconomic.csv,NBS avg 70 cities newly built,china_macro,CHINA,level,monthly,1,1,1,0,2011-03-31,2026-02-28,2700,0.743801652892562,
china_houseprice_nbs_new70_delta_1m,country_level_macro_data/china_fiscal_socioeconomic.csv,NBS avg 70 cities newly built,china_macro,CHINA,delta_1m,monthly,1,1,1,0,2011-04-30,2026-02-28,2685,0.7396694214876033,Derived from china_houseprice_nbs_new70
china_ip_growth,country_level_macro_data/china_industrial_production.csv,INDUSTRIAL PROD.: GR,china_macro,CHINA,level,monthly,1,1,1,0,2006-01-31,2026-02-28,3630,1.0,
china_ip_growth_delta_1m,country_level_macro_data/china_industrial_production.csv,INDUSTRIAL PROD.: GR,china_macro,CHINA,delta_1m,monthly,1,1,1,0,2006-02-28,2026-02-28,3615,0.9958677685950413,Derived from china_ip_growth
china_m2_yoy,country_level_macro_data/china_fiscal_socioeconomic.csv,MONEY SUPPLY - M2 YOY,china_macro,CHINA,level,monthly,1,1,1,0,2006-01-31,2026-02-28,3630,1.0,
china_m2_yoy_delta_1m,country_level_macro_data/china_fiscal_socioeconomic.csv,MONEY SUPPLY - M2 YOY,china_macro,CHINA,delta_1m,monthly,1,1,1,0,2006-02-28,2026-02-28,3615,0.9958677685950413,Derived from china_m2_yoy
china_pe,country_level_macro_data/China_price_to_earnings.csv,China,china_valuation,CHINA,level,monthly,0,1,1,0,2006-01-31,2026-02-28,3630,1.0,
china_pe_delta_1m,country_level_macro_data/China_price_to_earnings.csv,China,china_valuation,CHINA,delta_1m,monthly,0,1,1,0,2006-02-28,2026-02-28,3615,0.9958677685950413,Derived from china_pe
china_pe_em,country_level_macro_data/China_price_to_earnings.csv,Emerging markets,china_valuation,EM_GLOBAL,level,monthly,0,1,1,0,2006-01-31,2026-02-28,3630,1.0,
china_pe_em_delta_1m,country_level_macro_data/China_price_to_earnings.csv,Emerging markets,china_valuation,EM_GLOBAL,delta_1m,monthly,0,1,1,0,2006-02-28,2026-02-28,3615,0.9958677685950413,Derived from china_pe_em
china_pe_spread,country_level_macro_data/China_price_to_earnings.csv,Spread (RHS),china_valuation,CHINA,level,monthly,0,1,1,0,2006-01-31,2026-02-28,3630,1.0,
china_pe_spread_delta_1m,country_level_macro_data/China_price_to_earnings.csv,Spread (RHS),china_valuation,CHINA,delta_1m,monthly,0,1,1,0,2006-02-28,2026-02-28,3615,0.9958677685950413,Derived from china_pe_spread
china_pmi_caixin_mfg,country_level_macro_data/china_pmi.csv,Caixin manufacturing,china_macro,CHINA,level,monthly,1,1,1,0,2023-05-31,2026-02-28,510,0.14049586776859505,
china_pmi_caixin_mfg_delta_1m,country_level_macro_data/china_pmi.csv,Caixin manufacturing,china_macro,CHINA,delta_1m,monthly,1,1,1,0,2023-06-30,2026-02-28,495,0.13636363636363635,Derived from china_pmi_caixin_mfg
china_pmi_caixin_services,country_level_macro_data/china_pmi.csv,Caixin services,china_macro,CHINA,level,monthly,1,1,1,0,2023-05-31,2026-02-28,510,0.14049586776859505,
china_pmi_caixin_services_delta_1m,country_level_macro_data/china_pmi.csv,Caixin services,china_macro,CHINA,delta_1m,monthly,1,1,1,0,2023-06-30,2026-02-28,495,0.13636363636363635,Derived from china_pmi_caixin_services
china_pmi_nbs_mfg,country_level_macro_data/china_pmi.csv,NBS manufacturing,china_macro,CHINA,level,monthly,1,1,1,0,2006-01-31,2026-02-28,3630,1.0,
china_pmi_nbs_mfg_delta_1m,country_level_macro_data/china_pmi.csv,NBS manufacturing,china_macro,CHINA,delta_1m,monthly,1,1,1,0,2006-02-28,2026-02-28,3615,0.9958677685950413,Derived from china_pmi_nbs_mfg
china_pmi_nbs_nonmfg,country_level_macro_data/china_pmi.csv,NBS non-manufacturing,china_macro,CHINA,level,monthly,1,1,1,0,2007-03-31,2026-02-28,3420,0.9421487603305785,
china_pmi_nbs_nonmfg_delta_1m,country_level_macro_data/china_pmi.csv,NBS non-manufacturing,china_macro,CHINA,delta_1m,monthly,1,1,1,0,2007-04-30,2026-02-28,3405,0.9380165289256198,Derived from china_pmi_nbs_nonmfg
china_ptb,country_level_macro_data/china & em price-to-book ratio.csv,China,china_valuation,CHINA,level,monthly,0,1,1,0,2006-01-31,2026-02-28,3630,1.0,
china_ptb_delta_1m,country_level_macro_data/china & em price-to-book ratio.csv,China,china_valuation,CHINA,delta_1m,monthly,0,1,1,0,2006-02-28,2026-02-28,3615,0.9958677685950413,Derived from china_ptb
china_ptb_em,country_level_macro_data/china & em price-to-book ratio.csv,Emerging markets,china_valuation,EM_GLOBAL,level,monthly,0,1,1,0,2006-01-31,2026-02-28,3630,1.0,
china_ptb_em_delta_1m,country_level_macro_data/china & em price-to-book ratio.csv,Emerging markets,china_valuation,EM_GLOBAL,delta_1m,monthly,0,1,1,0,2006-02-28,2026-02-28,3615,0.9958677685950413,Derived from china_ptb_em
china_ptb_spread,country_level_macro_data/china & em price-to-book ratio.csv,Spread (RHS),china_valuation,CHINA,level,monthly,0,1,1,0,2006-01-31,2026-02-28,3630,1.0,
china_ptb_spread_delta_1m,country_level_macro_data/china & em price-to-book ratio.csv,Spread (RHS),china_valuation,CHINA,delta_1m,monthly,0,1,1,0,2006-02-28,2026-02-28,3615,0.9958677685950413,Derived from china_ptb_spread
china_sse_composite_usd,country_level_macro_data/China Price History_SSE_Composite.xlsx,trade_price,china_market,CHINA,market_price_level,monthly,0,1,1,0,2006-01-31,2026-02-28,3630,1.0,
china_sse_composite_usd_logchg_12m,country_level_macro_data/China Price History_SSE_Composite.xlsx,trade_price,china_market,CHINA,logchg_12m,monthly,0,1,1,0,2007-01-31,2026-02-28,3450,0.9504132231404959,Derived from china_sse_composite_usd
china_sse_composite_usd_logchg_1m,country_level_macro_data/China Price History_SSE_Composite.xlsx,trade_price,china_market,CHINA,logchg_1m,monthly,0,1,1,0,2006-02-28,2026-02-28,3615,0.9958677685950413,Derived from china_sse_composite_usd
china_sse_composite_usd_mom_12_1,country_level_macro_data/China Price History_SSE_Composite.xlsx,trade_price,china_market,CHINA,mom_12_1,monthly,0,1,1,0,2007-02-28,2026-02-28,3435,0.9462809917355371,Derived from china_sse_composite_usd
em_div_yield,country_level_macro_data/em_global_div_yield.csv,Emerging markets,em_global_valuation,EM_GLOBAL,level,monthly,0,1,1,0,2006-01-31,2026-02-28,3630,1.0,
em_div_yield_delta_1m,country_level_macro_data/em_global_div_yield.csv,Emerging markets,em_global_valuation,EM_GLOBAL,delta_1m,monthly,0,1,1,0,2006-02-28,2026-02-28,3615,0.9958677685950413,Derived from em_div_yield
em_minus_global_div_yield,country_level_macro_data/em_global_div_yield.csv,Spread (RHS),em_global_valuation,EM_GLOBAL,level,monthly,0,1,1,0,2006-01-31,2026-02-28,3630,1.0,
em_minus_global_div_yield_delta_1m,country_level_macro_data/em_global_div_yield.csv,Spread (RHS),em_global_valuation,EM_GLOBAL,delta_1m,monthly,0,1,1,0,2006-02-28,2026-02-28,3615,0.9958677685950413,Derived from em_minus_global_div_yield
em_minus_global_pe,country_level_macro_data/em_global_pte.csv,Spread (RHS),em_global_valuation,EM_GLOBAL,level,monthly,0,1,1,0,2006-01-31,2026-02-28,3630,1.0,
em_minus_global_pe_delta_1m,country_level_macro_data/em_global_pte.csv,Spread (RHS),em_global_valuation,EM_GLOBAL,delta_1m,monthly,0,1,1,0,2006-02-28,2026-02-28,3615,0.9958677685950413,Derived from em_minus_global_pe
em_minus_global_ptb,country_level_macro_data/em_global_ptb.csv,Spread (RHS),em_global_valuation,EM_GLOBAL,level,monthly,0,1,1,0,2006-01-31,2026-02-28,3630,1.0,
em_minus_global_ptb_delta_1m,country_level_macro_data/em_global_ptb.csv,Spread (RHS),em_global_valuation,EM_GLOBAL,delta_1m,monthly,0,1,1,0,2006-02-28,2026-02-28,3615,0.9958677685950413,Derived from em_minus_global_ptb
em_pe,country_level_macro_data/em_global_pte.csv,Emerging markets,em_global_valuation,EM_GLOBAL,level,monthly,0,1,1,0,2006-01-31,2026-02-28,3630,1.0,
em_pe_delta_1m,country_level_macro_data/em_global_pte.csv,Emerging markets,em_global_valuation,EM_GLOBAL,delta_1m,monthly,0,1,1,0,2006-02-28,2026-02-28,3615,0.9958677685950413,Derived from em_pe
em_ptb,country_level_macro_data/em_global_ptb.csv,Emerging markets,em_global_valuation,EM_GLOBAL,level,monthly,0,1,1,0,2006-01-31,2026-02-28,3630,1.0,
em_ptb_delta_1m,country_level_macro_data/em_global_ptb.csv,Emerging markets,em_global_valuation,EM_GLOBAL,delta_1m,monthly,0,1,1,0,2006-02-28,2026-02-28,3615,0.9958677685950413,Derived from em_ptb
eq_em_relevance_flag,derived_v4,eq_em_relevance_flag,metadata_dummy,SLEEVE_SPECIFIC,dummy_flag,monthly,0,1,1,0,2006-01-31,2026-02-28,3630,1.0,Static sleeve/group relevance indicator for v4 interactions.
eu_hy_eff_yield,country_level_macro_data/BAMLHE00EHYIEY.csv,BAMLHE00EHYIEY,credit_stress,EURO_AREA,level,daily,0,1,1,0,2006-01-31,2026-02-28,3630,1.0,
eu_hy_eff_yield_delta_1m,country_level_macro_data/BAMLHE00EHYIEY.csv,BAMLHE00EHYIEY,credit_stress,EURO_AREA,delta_1m,daily,0,1,1,0,2006-02-28,2026-02-28,3615,0.9958677685950413,Derived from eu_hy_eff_yield
eu_hy_oas,country_level_macro_data/BAMLHE00EHYIOAS.csv,BAMLHE00EHYIOAS,credit_stress,EURO_AREA,level,daily,0,1,1,0,2006-01-31,2026-02-28,3630,1.0,
eu_hy_oas_delta_1m,country_level_macro_data/BAMLHE00EHYIOAS.csv,BAMLHE00EHYIOAS,credit_stress,EURO_AREA,delta_1m,daily,0,1,1,0,2006-02-28,2026-02-28,3615,0.9958677685950413,Derived from eu_hy_oas
eu_ig_corp_tr_usd,country_level_macro_data/EU_IG_.xlsx,trade_price,eu_ig_market,EURO_AREA,market_price_level,monthly,0,1,1,0,2006-01-31,2026-02-28,3630,1.0,
eu_ig_corp_tr_usd_logchg_12m,country_level_macro_data/EU_IG_.xlsx,trade_price,eu_ig_market,EURO_AREA,logchg_12m,monthly,0,1,1,0,2007-01-31,2026-02-28,3450,0.9504132231404959,Derived from eu_ig_corp_tr_usd
eu_ig_corp_tr_usd_logchg_1m,country_level_macro_data/EU_IG_.xlsx,trade_price,eu_ig_market,EURO_AREA,logchg_1m,monthly,0,1,1,0,2006-02-28,2026-02-28,3615,0.9958677685950413,Derived from eu_ig_corp_tr_usd
eu_ig_corp_tr_usd_mom_12_1,country_level_macro_data/EU_IG_.xlsx,trade_price,eu_ig_market,EURO_AREA,mom_12_1,monthly,0,1,1,0,2007-02-28,2026-02-28,3435,0.9462809917355371,Derived from eu_ig_corp_tr_usd
global_div_yield,country_level_macro_data/em_global_div_yield.csv,Global index,em_global_valuation,GLOBAL,level,monthly,0,1,1,0,2006-01-31,2026-02-28,3630,1.0,
global_div_yield_delta_1m,country_level_macro_data/em_global_div_yield.csv,Global index,em_global_valuation,GLOBAL,delta_1m,monthly,0,1,1,0,2006-02-28,2026-02-28,3615,0.9958677685950413,Derived from global_div_yield
global_pe,country_level_macro_data/em_global_pte.csv,Global index,em_global_valuation,GLOBAL,level,monthly,0,1,1,0,2006-01-31,2026-02-28,3630,1.0,
global_pe_delta_1m,country_level_macro_data/em_global_pte.csv,Global index,em_global_valuation,GLOBAL,delta_1m,monthly,0,1,1,0,2006-02-28,2026-02-28,3615,0.9958677685950413,Derived from global_pe
global_ptb,country_level_macro_data/em_global_ptb.csv,Global index,em_global_valuation,GLOBAL,level,monthly,0,1,1,0,2006-01-31,2026-02-28,3630,1.0,
global_ptb_delta_1m,country_level_macro_data/em_global_ptb.csv,Global index,em_global_valuation,GLOBAL,delta_1m,monthly,0,1,1,0,2006-02-28,2026-02-28,3615,0.9958677685950413,Derived from global_ptb
horizon_120_flag,derived_v2_horizon,horizon_120_flag,horizon_conditioning,HORIZON,conditioning_feature,monthly,0,0,1,0,2006-01-31,2026-02-28,10890,1.0,Ten-year horizon dummy.
horizon_180_flag,derived_v2_horizon,horizon_180_flag,horizon_conditioning,HORIZON,conditioning_feature,monthly,0,0,1,0,2006-01-31,2026-02-28,10890,1.0,Fifteen-year horizon dummy.
horizon_60_flag,derived_v2_horizon,horizon_60_flag,horizon_conditioning,HORIZON,conditioning_feature,monthly,0,0,1,0,2006-01-31,2026-02-28,10890,1.0,Five-year horizon dummy.
horizon_years,derived_v2_horizon,horizon_years,horizon_conditioning,HORIZON,conditioning_feature,monthly,0,0,1,0,2006-01-31,2026-02-28,10890,1.0,Continuous horizon in years.
ig_oas,data/intermediate/feature_panel.csv,ig_oas,baseline_global_macro,GLOBAL,level_or_flag,monthly,0,1,1,0,2006-01-31,2026-02-28,3630,1.0,Inherited global/stress feature from the frozen baseline panel.
ig_oas_delta_1m,data/intermediate/feature_panel.csv,ig_oas_delta_1m,baseline_global_macro,GLOBAL,delta_1m,monthly,0,1,1,0,2006-02-28,2026-02-28,3615,0.9958677685950413,Inherited global/stress feature from the frozen baseline panel.
ig_oas_level,data/intermediate/feature_panel.csv,ig_oas_level,baseline_global_macro,GLOBAL,level_or_flag,monthly,0,1,1,0,2006-01-31,2026-02-28,3630,1.0,Inherited global/stress feature from the frozen baseline panel.
infl_EA,data/intermediate/feature_panel.csv,infl_EA,baseline_macro_canonical,GLOBAL_CANONICAL,level_or_yoy,monthly,1,1,1,0,2007-02-28,2026-02-28,3435,0.9462809917355371,Inherited canonical macro feature from frozen baseline panel.
infl_EA_delta_1m,data/intermediate/feature_panel.csv,infl_EA_delta_1m,baseline_macro_canonical,GLOBAL_CANONICAL,delta_1m,monthly,1,1,1,0,2007-03-31,2026-02-28,3420,0.9421487603305785,Inherited canonical macro feature from frozen baseline panel.
infl_JP,data/intermediate/feature_panel.csv,infl_JP,baseline_macro_canonical,GLOBAL_CANONICAL,level_or_yoy,monthly,1,1,1,0,2007-02-28,2026-02-28,3435,0.9462809917355371,Inherited canonical macro feature from frozen baseline panel.
infl_JP_delta_1m,data/intermediate/feature_panel.csv,infl_JP_delta_1m,baseline_macro_canonical,GLOBAL_CANONICAL,delta_1m,monthly,1,1,1,0,2007-03-31,2026-02-28,3420,0.9421487603305785,Inherited canonical macro feature from frozen baseline panel.
infl_US,data/intermediate/feature_panel.csv,infl_US,baseline_macro_canonical,GLOBAL_CANONICAL,level_or_yoy,monthly,1,1,1,0,2007-02-28,2026-02-28,3435,0.9462809917355371,Inherited canonical macro feature from frozen baseline panel.
infl_US_delta_1m,data/intermediate/feature_panel.csv,infl_US_delta_1m,baseline_macro_canonical,GLOBAL_CANONICAL,delta_1m,monthly,1,1,1,0,2007-03-31,2026-02-28,3420,0.9421487603305785,Inherited canonical macro feature from frozen baseline panel.
int_alt_gld_x_mom_12_1,derived_interaction,mom_12_1 x sleeve_dummy_alt_gld,interaction,ALT_GLD,sleeve_dummy_x_predictor,monthly,0,1,1,1,2006-01-31,2026-02-28,3382,0.9316804407713498,Sleeve-specific momentum slope for ALT_GLD.
int_alt_gld_x_vol_12m,derived_interaction,vol_12m x sleeve_dummy_alt_gld,interaction,ALT_GLD,sleeve_dummy_x_predictor,monthly,0,1,1,1,2006-01-31,2026-02-28,3389,0.9336088154269973,Sleeve-specific 12m volatility slope for ALT_GLD.
int_alternative_x_us_real10y,derived_interaction,us_real10y x asset_group_dummy_alternative,interaction,ALTERNATIVE,asset_group_dummy_x_predictor,monthly,0,1,1,1,2006-01-31,2026-02-28,3630,1.0,Asset-group real-rate interaction for Alternative sleeves.
int_alternative_x_vix,derived_interaction,vix x asset_group_dummy_alternative,interaction,ALTERNATIVE,asset_group_dummy_x_predictor,monthly,0,1,1,1,2006-01-31,2026-02-28,3630,1.0,Asset-group VIX exposure interaction for Alternative sleeves.
int_cape_local_x_us_real10y,derived_interaction,cape_local x us_real10y,interaction,LOCAL_MAPPED,cape_x_real_rate,monthly,0,1,1,1,2006-01-31,2026-02-28,2662,0.7333333333333333,Local CAPE by US real-rate interaction.
int_cape_usa_x_us_real10y,derived_interaction,cape_usa x us_real10y,interaction,US,cape_x_real_rate,monthly,0,1,1,1,2006-01-31,2026-02-28,3630,1.0,US CAPE by US real-rate interaction.
int_china_cli_x_eq_em,derived_interaction,china_cli x eq_em_relevance_flag,interaction,CHINA_EM,china_block_x_em_relevance,monthly,0,1,1,1,2006-01-31,2026-02-28,3630,1.0,China CLI relevance-gated to EQ_EM.
int_china_cli_x_ig_oas,derived_interaction,china_cli x ig_oas,interaction,CHINA_GLOBAL,cli_x_slope_or_spread,monthly,0,1,1,1,2006-01-31,2026-02-28,3630,1.0,China CLI by IG-OAS spread interaction.
int_china_div_yield_spread_x_eq_em,derived_interaction,china_div_yield_spread x eq_em_relevance_flag,interaction,CHINA_EM,china_block_x_em_relevance,monthly,0,1,1,1,2006-01-31,2026-02-28,3630,1.0,China valuation spread relevance-gated to EQ_EM.
int_china_pe_spread_x_eq_em,derived_interaction,china_pe_spread x eq_em_relevance_flag,interaction,CHINA_EM,china_block_x_em_relevance,monthly,0,1,1,1,2006-01-31,2026-02-28,3630,1.0,China PE spread relevance-gated to EQ_EM.
int_china_pmi_nbs_mfg_x_eq_em,derived_interaction,china_pmi_nbs_mfg x eq_em_relevance_flag,interaction,CHINA_EM,china_block_x_em_relevance,monthly,0,1,1,1,2006-01-31,2026-02-28,3630,1.0,China PMI relevance-gated to EQ_EM.
int_china_sse_mom_x_eq_em,derived_interaction,china_sse_composite_usd_mom_12_1 x eq_em_relevance_flag,interaction,CHINA_EM,china_block_x_em_relevance,monthly,0,1,1,1,2007-02-28,2026-02-28,3435,0.9462809917355371,China market momentum relevance-gated to EQ_EM.
int_cr_eu_hy_x_mom_12_1,derived_interaction,mom_12_1 x sleeve_dummy_cr_eu_hy,interaction,CR_EU_HY,sleeve_dummy_x_predictor,monthly,0,1,1,1,2006-01-31,2026-02-28,3382,0.9316804407713498,Sleeve-specific momentum slope for CR_EU_HY.
int_cr_eu_hy_x_vol_12m,derived_interaction,vol_12m x sleeve_dummy_cr_eu_hy,interaction,CR_EU_HY,sleeve_dummy_x_predictor,monthly,0,1,1,1,2006-01-31,2026-02-28,3389,0.9336088154269973,Sleeve-specific 12m volatility slope for CR_EU_HY.
int_cr_eu_ig_x_mom_12_1,derived_interaction,mom_12_1 x sleeve_dummy_cr_eu_ig,interaction,CR_EU_IG,sleeve_dummy_x_predictor,monthly,0,1,1,1,2006-01-31,2026-02-28,3382,0.9316804407713498,Sleeve-specific momentum slope for CR_EU_IG.
int_cr_eu_ig_x_vol_12m,derived_interaction,vol_12m x sleeve_dummy_cr_eu_ig,interaction,CR_EU_IG,sleeve_dummy_x_predictor,monthly,0,1,1,1,2006-01-31,2026-02-28,3389,0.9336088154269973,Sleeve-specific 12m volatility slope for CR_EU_IG.
int_cr_us_hy_x_mom_12_1,derived_interaction,mom_12_1 x sleeve_dummy_cr_us_hy,interaction,CR_US_HY,sleeve_dummy_x_predictor,monthly,0,1,1,1,2006-01-31,2026-02-28,3382,0.9316804407713498,Sleeve-specific momentum slope for CR_US_HY.
int_cr_us_hy_x_vol_12m,derived_interaction,vol_12m x sleeve_dummy_cr_us_hy,interaction,CR_US_HY,sleeve_dummy_x_predictor,monthly,0,1,1,1,2006-01-31,2026-02-28,3389,0.9336088154269973,Sleeve-specific 12m volatility slope for CR_US_HY.
int_cr_us_ig_x_mom_12_1,derived_interaction,mom_12_1 x sleeve_dummy_cr_us_ig,interaction,CR_US_IG,sleeve_dummy_x_predictor,monthly,0,1,1,1,2006-01-31,2026-02-28,3382,0.9316804407713498,Sleeve-specific momentum slope for CR_US_IG.
int_cr_us_ig_x_vol_12m,derived_interaction,vol_12m x sleeve_dummy_cr_us_ig,interaction,CR_US_IG,sleeve_dummy_x_predictor,monthly,0,1,1,1,2006-01-31,2026-02-28,3389,0.9336088154269973,Sleeve-specific 12m volatility slope for CR_US_IG.
int_credit_x_us_real10y,derived_interaction,us_real10y x asset_group_dummy_credit,interaction,CREDIT,asset_group_dummy_x_predictor,monthly,0,1,1,1,2006-01-31,2026-02-28,3630,1.0,Asset-group real-rate interaction for Credit sleeves.
int_credit_x_vix,derived_interaction,vix x asset_group_dummy_credit,interaction,CREDIT,asset_group_dummy_x_predictor,monthly,0,1,1,1,2006-01-31,2026-02-28,3630,1.0,Asset-group VIX exposure interaction for Credit sleeves.
int_eq_cn_x_mom_12_1,derived_interaction,mom_12_1 x sleeve_dummy_eq_cn,interaction,EQ_CN,sleeve_dummy_x_predictor,monthly,0,1,1,1,2006-01-31,2026-02-28,3382,0.9316804407713498,Sleeve-specific momentum slope for EQ_CN.
int_eq_cn_x_vol_12m,derived_interaction,vol_12m x sleeve_dummy_eq_cn,interaction,EQ_CN,sleeve_dummy_x_predictor,monthly,0,1,1,1,2006-01-31,2026-02-28,3389,0.9336088154269973,Sleeve-specific 12m volatility slope for EQ_CN.
int_eq_em_x_mom_12_1,derived_interaction,mom_12_1 x sleeve_dummy_eq_em,interaction,EQ_EM,sleeve_dummy_x_predictor,monthly,0,1,1,1,2006-01-31,2026-02-28,3382,0.9316804407713498,Sleeve-specific momentum slope for EQ_EM.
int_eq_em_x_vol_12m,derived_interaction,vol_12m x sleeve_dummy_eq_em,interaction,EQ_EM,sleeve_dummy_x_predictor,monthly,0,1,1,1,2006-01-31,2026-02-28,3389,0.9336088154269973,Sleeve-specific 12m volatility slope for EQ_EM.
int_eq_ez_x_mom_12_1,derived_interaction,mom_12_1 x sleeve_dummy_eq_ez,interaction,EQ_EZ,sleeve_dummy_x_predictor,monthly,0,1,1,1,2006-01-31,2026-02-28,3382,0.9316804407713498,Sleeve-specific momentum slope for EQ_EZ.
int_eq_ez_x_vol_12m,derived_interaction,vol_12m x sleeve_dummy_eq_ez,interaction,EQ_EZ,sleeve_dummy_x_predictor,monthly,0,1,1,1,2006-01-31,2026-02-28,3389,0.9336088154269973,Sleeve-specific 12m volatility slope for EQ_EZ.
int_eq_jp_x_mom_12_1,derived_interaction,mom_12_1 x sleeve_dummy_eq_jp,interaction,EQ_JP,sleeve_dummy_x_predictor,monthly,0,1,1,1,2006-01-31,2026-02-28,3382,0.9316804407713498,Sleeve-specific momentum slope for EQ_JP.
int_eq_jp_x_vol_12m,derived_interaction,vol_12m x sleeve_dummy_eq_jp,interaction,EQ_JP,sleeve_dummy_x_predictor,monthly,0,1,1,1,2006-01-31,2026-02-28,3389,0.9336088154269973,Sleeve-specific 12m volatility slope for EQ_JP.
int_eq_us_x_mom_12_1,derived_interaction,mom_12_1 x sleeve_dummy_eq_us,interaction,EQ_US,sleeve_dummy_x_predictor,monthly,0,1,1,1,2006-01-31,2026-02-28,3382,0.9316804407713498,Sleeve-specific momentum slope for EQ_US.
int_eq_us_x_vol_12m,derived_interaction,vol_12m x sleeve_dummy_eq_us,interaction,EQ_US,sleeve_dummy_x_predictor,monthly,0,1,1,1,2006-01-31,2026-02-28,3389,0.9336088154269973,Sleeve-specific 12m volatility slope for EQ_US.
int_equity_x_us_real10y,derived_interaction,us_real10y x asset_group_dummy_equity,interaction,EQUITY,asset_group_dummy_x_predictor,monthly,0,1,1,1,2006-01-31,2026-02-28,3630,1.0,Asset-group real-rate interaction for Equity sleeves.
int_equity_x_vix,derived_interaction,vix x asset_group_dummy_equity,interaction,EQUITY,asset_group_dummy_x_predictor,monthly,0,1,1,1,2006-01-31,2026-02-28,3630,1.0,Asset-group VIX exposure interaction for Equity sleeves.
int_fi_eu_govt_x_mom_12_1,derived_interaction,mom_12_1 x sleeve_dummy_fi_eu_govt,interaction,FI_EU_GOVT,sleeve_dummy_x_predictor,monthly,0,1,1,1,2006-01-31,2026-02-28,3382,0.9316804407713498,Sleeve-specific momentum slope for FI_EU_GOVT.
int_fi_eu_govt_x_vol_12m,derived_interaction,vol_12m x sleeve_dummy_fi_eu_govt,interaction,FI_EU_GOVT,sleeve_dummy_x_predictor,monthly,0,1,1,1,2006-01-31,2026-02-28,3389,0.9336088154269973,Sleeve-specific 12m volatility slope for FI_EU_GOVT.
int_fi_ust_x_mom_12_1,derived_interaction,mom_12_1 x sleeve_dummy_fi_ust,interaction,FI_UST,sleeve_dummy_x_predictor,monthly,0,1,1,1,2006-01-31,2026-02-28,3382,0.9316804407713498,Sleeve-specific momentum slope for FI_UST.
int_fi_ust_x_vol_12m,derived_interaction,vol_12m x sleeve_dummy_fi_ust,interaction,FI_UST,sleeve_dummy_x_predictor,monthly,0,1,1,1,2006-01-31,2026-02-28,3389,0.9336088154269973,Sleeve-specific 12m volatility slope for FI_UST.
int_fixed_income_x_us_real10y,derived_interaction,us_real10y x asset_group_dummy_fixed_income,interaction,FIXED INCOME,asset_group_dummy_x_predictor,monthly,0,1,1,1,2006-01-31,2026-02-28,3630,1.0,Asset-group real-rate interaction for Fixed Income sleeves.
int_fixed_income_x_vix,derived_interaction,vix x asset_group_dummy_fixed_income,interaction,FIXED INCOME,asset_group_dummy_x_predictor,monthly,0,1,1,1,2006-01-31,2026-02-28,3630,1.0,Asset-group VIX exposure interaction for Fixed Income sleeves.
int_ig_oas_x_cape_local,derived_interaction,ig_oas x cape_local,interaction,LOCAL_MAPPED,stress_x_valuation,monthly,0,1,1,1,2006-01-31,2026-02-28,2662,0.7333333333333333,Credit-stress-by-local-CAPE interaction.
int_ig_oas_x_rel_mom_vs_treasury,derived_interaction,ig_oas x rel_mom_vs_treasury,interaction,MULTI_ASSET,stress_x_momentum,monthly,0,1,1,1,2006-01-31,2026-02-28,3382,0.9316804407713498,Credit-stress-by-relative-momentum interaction.
int_jp_buyback_mom_x_eq_jp,derived_interaction,jp_buyback_index_usd_mom_12_1 x jp_relevance_flag,interaction,JAPAN,japan_block_x_jp_relevance,monthly,0,1,1,1,2007-02-28,2026-02-28,3435,0.9462809917355371,Japan buyback-index momentum relevance-gated to EQ_JP.
int_jp_oecd_alt_x_eq_jp,derived_interaction,jp_oecd_leading_alt x jp_relevance_flag,interaction,JAPAN,japan_block_x_jp_relevance,monthly,0,1,1,1,2006-01-31,2026-02-28,3630,1.0,Japan leading-indicator relevance-gated to EQ_JP.
int_jp_pe_ratio_x_eq_jp,derived_interaction,jp_pe_ratio x jp_relevance_flag,interaction,JAPAN,japan_block_x_jp_relevance,monthly,0,1,1,1,2006-01-31,2026-02-28,3630,1.0,Japan PE ratio relevance-gated to EQ_JP.
int_jp_tankan_actual_x_eq_jp,derived_interaction,jp_tankan_actual x jp_relevance_flag,interaction,JAPAN,japan_block_x_jp_relevance,monthly,0,1,1,1,2006-01-31,2026-02-28,3630,1.0,Japan Tankan relevance-gated to EQ_JP.
int_listed_infra_x_mom_12_1,derived_interaction,mom_12_1 x sleeve_dummy_listed_infra,interaction,LISTED_INFRA,sleeve_dummy_x_predictor,monthly,0,1,1,1,2006-01-31,2026-02-28,3382,0.9316804407713498,Sleeve-specific momentum slope for LISTED_INFRA.
int_listed_infra_x_vol_12m,derived_interaction,vol_12m x sleeve_dummy_listed_infra,interaction,LISTED_INFRA,sleeve_dummy_x_predictor,monthly,0,1,1,1,2006-01-31,2026-02-28,3389,0.9336088154269973,Sleeve-specific 12m volatility slope for LISTED_INFRA.
int_listed_re_x_mom_12_1,derived_interaction,mom_12_1 x sleeve_dummy_listed_re,interaction,LISTED_RE,sleeve_dummy_x_predictor,monthly,0,1,1,1,2006-01-31,2026-02-28,3382,0.9316804407713498,Sleeve-specific momentum slope for LISTED_RE.
int_listed_re_x_vol_12m,derived_interaction,vol_12m x sleeve_dummy_listed_re,interaction,LISTED_RE,sleeve_dummy_x_predictor,monthly,0,1,1,1,2006-01-31,2026-02-28,3389,0.9336088154269973,Sleeve-specific 12m volatility slope for LISTED_RE.
int_log_horizon_x_cape_local,derived_interaction,cape_local x log_horizon_years,interaction,HORIZON,predictor_x_log_horizon_years,monthly,0,0,1,1,2006-01-31,2026-02-28,7986,0.7333333333333333,Horizon-conditioned local CAPE interaction.
int_log_horizon_x_china_cli,derived_interaction,china_cli x log_horizon_years,interaction,HORIZON,predictor_x_log_horizon_years,monthly,0,0,1,1,2006-01-31,2026-02-28,10890,1.0,Horizon-conditioned China CLI interaction.
int_log_horizon_x_jp_pe_ratio,derived_interaction,jp_pe_ratio x log_horizon_years,interaction,HORIZON,predictor_x_log_horizon_years,monthly,0,0,1,1,2006-01-31,2026-02-28,10890,1.0,Horizon-conditioned Japan PE interaction.
int_log_horizon_x_mom_12_1,derived_interaction,mom_12_1 x log_horizon_years,interaction,HORIZON,predictor_x_log_horizon_years,monthly,0,0,1,1,2006-01-31,2026-02-28,10146,0.9316804407713498,Horizon-conditioned momentum interaction.
int_log_horizon_x_us_real10y,derived_interaction,us_real10y x log_horizon_years,interaction,HORIZON,predictor_x_log_horizon_years,monthly,0,0,1,1,2006-01-31,2026-02-28,10890,1.0,Horizon-conditioned real-rate interaction.
int_log_horizon_x_vix,derived_interaction,vix x log_horizon_years,interaction,HORIZON,predictor_x_log_horizon_years,monthly,0,0,1,1,2006-01-31,2026-02-28,10890,1.0,Horizon-conditioned VIX interaction.
int_log_horizon_x_vol_12m,derived_interaction,vol_12m x log_horizon_years,interaction,HORIZON,predictor_x_log_horizon_years,monthly,0,0,1,1,2006-01-31,2026-02-28,10167,0.9336088154269973,Horizon-conditioned volatility interaction.
int_oecd_activity_proxy_local_x_local_term_slope,derived_interaction,oecd_activity_proxy_local x local_term_slope,interaction,LOCAL_MAPPED,cli_x_slope_or_spread,monthly,0,1,1,1,2006-02-28,2026-02-28,2410,0.6639118457300276,Local activity proxy by local term-slope interaction.
int_re_us_x_mom_12_1,derived_interaction,mom_12_1 x sleeve_dummy_re_us,interaction,RE_US,sleeve_dummy_x_predictor,monthly,0,1,1,1,2006-01-31,2026-02-28,3382,0.9316804407713498,Sleeve-specific momentum slope for RE_US.
int_re_us_x_vol_12m,derived_interaction,vol_12m x sleeve_dummy_re_us,interaction,RE_US,sleeve_dummy_x_predictor,monthly,0,1,1,1,2006-01-31,2026-02-28,3389,0.9336088154269973,Sleeve-specific 12m volatility slope for RE_US.
int_real_asset_x_us_real10y,derived_interaction,us_real10y x asset_group_dummy_real_asset,interaction,REAL ASSET,asset_group_dummy_x_predictor,monthly,0,1,1,1,2006-01-31,2026-02-28,3630,1.0,Asset-group real-rate interaction for Real Asset sleeves.
int_real_asset_x_vix,derived_interaction,vix x asset_group_dummy_real_asset,interaction,REAL ASSET,asset_group_dummy_x_predictor,monthly,0,1,1,1,2006-01-31,2026-02-28,3630,1.0,Asset-group VIX exposure interaction for Real Asset sleeves.
int_us_real10y_x_mom_12_1,derived_interaction,us_real10y x mom_12_1,interaction,MULTI_ASSET,stress_x_momentum,monthly,0,1,1,1,2006-01-31,2026-02-28,3382,0.9316804407713498,Real-rate-by-momentum interaction.
int_vix_x_cape_local,derived_interaction,vix x cape_local,interaction,LOCAL_MAPPED,stress_x_valuation,monthly,0,1,1,1,2006-01-31,2026-02-28,2662,0.7333333333333333,Stress-by-local-CAPE interaction.
int_vix_x_em_minus_global_pe,derived_interaction,vix x em_minus_global_pe,interaction,EM_GLOBAL,stress_x_valuation,monthly,0,1,1,1,2006-01-31,2026-02-28,3630,1.0,Stress-by-EM-global valuation interaction.
int_vix_x_mom_12_1,derived_interaction,vix x mom_12_1,interaction,MULTI_ASSET,stress_x_momentum,monthly,0,1,1,1,2006-01-31,2026-02-28,3382,0.9316804407713498,Stress-by-momentum interaction.
jp_10y_yield_file,country_level_macro_data/japan_10y_bond_yield_cpi.csv,Ten-year government bond yield,japan_enrichment,JAPAN,level,daily,0,1,1,0,2006-01-31,2026-02-28,3630,1.0,
jp_10y_yield_file_delta_1m,country_level_macro_data/japan_10y_bond_yield_cpi.csv,Ten-year government bond yield,japan_enrichment,JAPAN,delta_1m,daily,0,1,1,0,2006-02-28,2026-02-28,3615,0.9958677685950413,Derived from jp_10y_yield_file
jp_buyback_index_usd,country_level_macro_data/japan buyback yield.xlsx,trade_price,japan_enrichment,JAPAN,market_price_level,monthly,0,1,1,0,2006-01-31,2026-02-28,3630,1.0,
jp_buyback_index_usd_logchg_12m,country_level_macro_data/japan buyback yield.xlsx,trade_price,japan_enrichment,JAPAN,logchg_12m,monthly,0,1,1,0,2007-01-31,2026-02-28,3450,0.9504132231404959,Derived from jp_buyback_index_usd
jp_buyback_index_usd_logchg_1m,country_level_macro_data/japan buyback yield.xlsx,trade_price,japan_enrichment,JAPAN,logchg_1m,monthly,0,1,1,0,2006-02-28,2026-02-28,3615,0.9958677685950413,Derived from jp_buyback_index_usd
jp_buyback_index_usd_mom_12_1,country_level_macro_data/japan buyback yield.xlsx,trade_price,japan_enrichment,JAPAN,mom_12_1,monthly,0,1,1,0,2007-02-28,2026-02-28,3435,0.9462809917355371,Derived from jp_buyback_index_usd
jp_cpi_core_ex_food_energy,country_level_macro_data/japan_macro_fiscal_socioeconomic.csv,CPI Core ex fresh food and energy,japan_enrichment,JAPAN,level,monthly,1,1,1,0,2006-01-31,2026-02-28,3630,1.0,
jp_cpi_core_ex_food_energy_delta_1m,country_level_macro_data/japan_macro_fiscal_socioeconomic.csv,CPI Core ex fresh food and energy,japan_enrichment,JAPAN,delta_1m,monthly,1,1,1,0,2006-02-28,2026-02-28,3615,0.9958677685950413,Derived from jp_cpi_core_ex_food_energy
jp_cpi_core_ex_fresh,country_level_macro_data/japan_macro_fiscal_socioeconomic.csv,CPI Core ex fresh food,japan_enrichment,JAPAN,level,monthly,1,1,1,0,2006-01-31,2026-02-28,3630,1.0,
jp_cpi_core_ex_fresh_delta_1m,country_level_macro_data/japan_macro_fiscal_socioeconomic.csv,CPI Core ex fresh food,japan_enrichment,JAPAN,delta_1m,monthly,1,1,1,0,2006-02-28,2026-02-28,3615,0.9958677685950413,Derived from jp_cpi_core_ex_fresh
jp_cpi_file,country_level_macro_data/japan_10y_bond_yield_cpi.csv,CPI,japan_enrichment,JAPAN,level,monthly,1,1,1,0,2006-01-31,2026-02-28,3630,1.0,
jp_cpi_file_delta_1m,country_level_macro_data/japan_10y_bond_yield_cpi.csv,CPI,japan_enrichment,JAPAN,delta_1m,monthly,1,1,1,0,2006-02-28,2026-02-28,3615,0.9958677685950413,Derived from jp_cpi_file
jp_cpi_headline_alt,country_level_macro_data/japan_macro_fiscal_socioeconomic.csv,CPI Headline,japan_enrichment,JAPAN,level,monthly,1,1,1,0,2006-01-31,2026-02-28,3630,1.0,
jp_cpi_headline_alt_delta_1m,country_level_macro_data/japan_macro_fiscal_socioeconomic.csv,CPI Headline,japan_enrichment,JAPAN,delta_1m,monthly,1,1,1,0,2006-02-28,2026-02-28,3615,0.9958677685950413,Derived from jp_cpi_headline_alt
jp_employed_persons,country_level_macro_data/japan_macro_fiscal_socioeconomic.csv,EMPLOYED PERSONS,japan_enrichment,JAPAN,level,monthly,1,1,1,0,2006-01-31,2026-02-28,3630,1.0,
jp_employed_persons_delta_1m,country_level_macro_data/japan_macro_fiscal_socioeconomic.csv,EMPLOYED PERSONS,japan_enrichment,JAPAN,delta_1m,monthly,1,1,1,0,2006-02-28,2026-02-28,3615,0.9958677685950413,Derived from jp_employed_persons
jp_gdp_four_quarter,country_level_macro_data/japan_macro_fiscal_socioeconomic.csv,GDP Four-quarter,japan_enrichment,JAPAN,level,quarterly,4,1,1,0,2006-01-31,2026-02-28,3630,1.0,
jp_gdp_four_quarter_delta_1m,country_level_macro_data/japan_macro_fiscal_socioeconomic.csv,GDP Four-quarter,japan_enrichment,JAPAN,delta_1m,quarterly,4,1,1,0,2006-02-28,2026-02-28,3615,0.9958677685950413,Derived from jp_gdp_four_quarter
jp_gdp_quarterly,country_level_macro_data/japan_macro_fiscal_socioeconomic.csv,GDP Quarterly,japan_enrichment,JAPAN,level,quarterly,4,1,1,0,2006-01-31,2026-02-28,3630,1.0,
jp_gdp_quarterly_delta_1m,country_level_macro_data/japan_macro_fiscal_socioeconomic.csv,GDP Quarterly,japan_enrichment,JAPAN,delta_1m,quarterly,4,1,1,0,2006-02-28,2026-02-28,3615,0.9958677685950413,Derived from jp_gdp_quarterly
jp_ip_12m,country_level_macro_data/japan_macro_fiscal_socioeconomic.csv,IP Twelve-month,japan_enrichment,JAPAN,level,monthly,1,1,1,0,2006-01-31,2026-02-28,3630,1.0,
jp_ip_12m_alt,country_level_macro_data/japan_macro_fiscal_socioeconomic.csv,IP Twelve-month 2,japan_enrichment,JAPAN,level,monthly,1,1,1,0,2006-01-31,2026-02-28,3630,1.0,
jp_ip_12m_alt_delta_1m,country_level_macro_data/japan_macro_fiscal_socioeconomic.csv,IP Twelve-month 2,japan_enrichment,JAPAN,delta_1m,monthly,1,1,1,0,2006-02-28,2026-02-28,3615,0.9958677685950413,Derived from jp_ip_12m_alt
jp_ip_12m_delta_1m,country_level_macro_data/japan_macro_fiscal_socioeconomic.csv,IP Twelve-month,japan_enrichment,JAPAN,delta_1m,monthly,1,1,1,0,2006-02-28,2026-02-28,3615,0.9958677685950413,Derived from jp_ip_12m
jp_ip_3m,country_level_macro_data/japan_macro_fiscal_socioeconomic.csv,IP Three-month,japan_enrichment,JAPAN,level,monthly,1,1,1,0,2006-01-31,2026-02-28,3630,1.0,
jp_ip_3m_delta_1m,country_level_macro_data/japan_macro_fiscal_socioeconomic.csv,IP Three-month,japan_enrichment,JAPAN,delta_1m,monthly,1,1,1,0,2006-02-28,2026-02-28,3615,0.9958677685950413,Derived from jp_ip_3m
jp_ip_3mma,country_level_macro_data/japan_macro_fiscal_socioeconomic.csv,IP Three-month 3MMA,japan_enrichment,JAPAN,level,monthly,1,1,1,0,2006-01-31,2026-02-28,3630,1.0,
jp_ip_3mma_delta_1m,country_level_macro_data/japan_macro_fiscal_socioeconomic.csv,IP Three-month 3MMA,japan_enrichment,JAPAN,delta_1m,monthly,1,1,1,0,2006-02-28,2026-02-28,3615,0.9958677685950413,Derived from jp_ip_3mma
jp_long_rate_alt,country_level_macro_data/japan_macro_fiscal_socioeconomic.csv,Long-term government bond yield,japan_enrichment,JAPAN,level,monthly,1,1,1,0,2006-01-31,2026-02-28,3630,1.0,
jp_long_rate_alt_delta_1m,country_level_macro_data/japan_macro_fiscal_socioeconomic.csv,Long-term government bond yield,japan_enrichment,JAPAN,delta_1m,monthly,1,1,1,0,2006-02-28,2026-02-28,3615,0.9958677685950413,Derived from jp_long_rate_alt
jp_ngdp_level,country_level_macro_data/JaPaN GDP.csv,JPNNGDP,japan_enrichment,JAPAN,level,quarterly,4,1,1,0,2006-01-31,2026-02-28,3630,1.0,
jp_ngdp_level_yoy,country_level_macro_data/JaPaN GDP.csv,JPNNGDP,japan_enrichment,JAPAN,yoy_change,quarterly,4,1,1,0,2007-01-31,2026-02-28,3450,0.9504132231404959,Derived from jp_ngdp_level
jp_oecd_leading_alt,country_level_macro_data/JPNLOLITONOSTSAM.csv,JPNLOLITONOSTSAM,japan_enrichment,JAPAN,level,monthly,1,1,1,0,2006-01-31,2026-02-28,3630,1.0,
jp_oecd_leading_alt_delta_1m,country_level_macro_data/JPNLOLITONOSTSAM.csv,JPNLOLITONOSTSAM,japan_enrichment,JAPAN,delta_1m,monthly,1,1,1,0,2006-02-28,2026-02-28,3615,0.9958677685950413,Derived from jp_oecd_leading_alt
jp_pe_ratio,country_level_macro_data/japan_pe_topix_index.csv,Price to earnings,japan_enrichment,JAPAN,level,monthly,0,1,1,0,2006-01-31,2026-02-28,3630,1.0,
jp_pe_ratio_delta_1m,country_level_macro_data/japan_pe_topix_index.csv,Price to earnings,japan_enrichment,JAPAN,delta_1m,monthly,0,1,1,0,2006-02-28,2026-02-28,3615,0.9958677685950413,Derived from jp_pe_ratio
jp_policy_rate,country_level_macro_data/japan_macro_fiscal_socioeconomic.csv,Target policy rate,japan_enrichment,JAPAN,level,monthly,1,1,1,0,2006-01-31,2026-02-28,3630,1.0,
jp_policy_rate_delta_1m,country_level_macro_data/japan_macro_fiscal_socioeconomic.csv,Target policy rate,japan_enrichment,JAPAN,delta_1m,monthly,1,1,1,0,2006-02-28,2026-02-28,3615,0.9958677685950413,Derived from jp_policy_rate
jp_relevance_flag,derived_v4,jp_relevance_flag,metadata_dummy,SLEEVE_SPECIFIC,dummy_flag,monthly,0,1,1,0,2006-01-31,2026-02-28,3630,1.0,Static sleeve/group relevance indicator for v4 interactions.
jp_short_rate_alt,country_level_macro_data/japan_macro_fiscal_socioeconomic.csv,Short-term interest rate,japan_enrichment,JAPAN,level,monthly,1,1,1,0,2006-01-31,2026-02-28,3630,1.0,
jp_short_rate_alt_delta_1m,country_level_macro_data/japan_macro_fiscal_socioeconomic.csv,Short-term interest rate,japan_enrichment,JAPAN,delta_1m,monthly,1,1,1,0,2006-02-28,2026-02-28,3615,0.9958677685950413,Derived from jp_short_rate_alt
jp_tankan_actual,country_level_macro_data/japan_macro_fiscal_socioeconomic.csv,Tankan Actual,japan_enrichment,JAPAN,level,quarterly,4,1,1,0,2006-01-31,2026-02-28,3630,1.0,
jp_tankan_actual_delta_1m,country_level_macro_data/japan_macro_fiscal_socioeconomic.csv,Tankan Actual,japan_enrichment,JAPAN,delta_1m,quarterly,4,1,1,0,2006-02-28,2026-02-28,3615,0.9958677685950413,Derived from jp_tankan_actual
jp_tankan_forecast,country_level_macro_data/japan_macro_fiscal_socioeconomic.csv,Tankan Forecast,japan_enrichment,JAPAN,level,quarterly,4,1,1,0,2006-01-31,2026-02-28,3630,1.0,
jp_tankan_forecast_delta_1m,country_level_macro_data/japan_macro_fiscal_socioeconomic.csv,Tankan Forecast,japan_enrichment,JAPAN,delta_1m,quarterly,4,1,1,0,2006-02-28,2026-02-28,3615,0.9958677685950413,Derived from jp_tankan_forecast
jp_topix_index,country_level_macro_data/japan_pe_topix_index.csv,Topix index (RHS),japan_enrichment,JAPAN,market_price_level,monthly,0,1,1,0,2006-01-31,2026-02-28,3630,1.0,
jp_topix_index_logchg_12m,country_level_macro_data/japan_pe_topix_index.csv,Topix index (RHS),japan_enrichment,JAPAN,logchg_12m,monthly,0,1,1,0,2007-01-31,2026-02-28,3450,0.9504132231404959,Derived from jp_topix_index
jp_topix_index_logchg_1m,country_level_macro_data/japan_pe_topix_index.csv,Topix index (RHS),japan_enrichment,JAPAN,logchg_1m,monthly,0,1,1,0,2006-02-28,2026-02-28,3615,0.9958677685950413,Derived from jp_topix_index
jp_topix_index_mom_12_1,country_level_macro_data/japan_pe_topix_index.csv,Topix index (RHS),japan_enrichment,JAPAN,mom_12_1,monthly,0,1,1,0,2007-02-28,2026-02-28,3435,0.9462809917355371,Derived from jp_topix_index
jp_unemployment_level,country_level_macro_data/japan_macro_fiscal_socioeconomic.csv,UNEMPLOYMENT LEVEL,japan_enrichment,JAPAN,level,monthly,1,1,1,0,2006-01-31,2026-02-28,3630,1.0,
jp_unemployment_level_delta_1m,country_level_macro_data/japan_macro_fiscal_socioeconomic.csv,UNEMPLOYMENT LEVEL,japan_enrichment,JAPAN,delta_1m,monthly,1,1,1,0,2006-02-28,2026-02-28,3615,0.9958677685950413,Derived from jp_unemployment_level
jp_unemployment_rate_alt,country_level_macro_data/japan_macro_fiscal_socioeconomic.csv,UNEMPLOYMENT RATE,japan_enrichment,JAPAN,level,monthly,1,1,1,0,2006-01-31,2026-02-28,3630,1.0,
jp_unemployment_rate_alt_delta_1m,country_level_macro_data/japan_macro_fiscal_socioeconomic.csv,UNEMPLOYMENT RATE,japan_enrichment,JAPAN,delta_1m,monthly,1,1,1,0,2006-02-28,2026-02-28,3615,0.9958677685950413,Derived from jp_unemployment_rate_alt
local_10y_rate,data/intermediate/feature_panel.csv,local_10y_rate,baseline_macro_alias,LOCAL_MAPPED,compatibility_alias,monthly,1,1,1,0,2006-01-31,2026-02-28,2415,0.6652892561983471,Derived local alias retained for compatibility in the v4 feature layer.
local_10y_rate_delta_1m,data/intermediate/feature_panel.csv,local_10y_rate_delta_1m,baseline_macro_alias,LOCAL_MAPPED,compatibility_alias,monthly,1,1,1,0,2006-02-28,2026-02-28,2405,0.662534435261708,Derived local alias retained for compatibility in the v4 feature layer.
local_3m_rate,data/intermediate/feature_panel.csv,local_3m_rate,baseline_macro_alias,LOCAL_MAPPED,compatibility_alias,monthly,1,1,1,0,2006-02-28,2026-02-28,2410,0.6639118457300276,Derived local alias retained for compatibility in the v4 feature layer.
local_3m_rate_delta_1m,data/intermediate/feature_panel.csv,local_3m_rate_delta_1m,baseline_macro_alias,LOCAL_MAPPED,compatibility_alias,monthly,1,1,1,0,2006-03-31,2026-02-28,2400,0.6611570247933884,Derived local alias retained for compatibility in the v4 feature layer.
local_cpi_yoy,data/intermediate/feature_panel.csv,local_cpi_yoy,baseline_macro_alias,LOCAL_MAPPED,compatibility_alias,monthly,1,1,1,0,2007-02-28,2026-02-28,2290,0.6308539944903582,Derived local alias retained for compatibility in the v4 feature layer.
local_cpi_yoy_delta_1m,data/intermediate/feature_panel.csv,local_cpi_yoy_delta_1m,baseline_macro_alias,LOCAL_MAPPED,compatibility_alias,monthly,1,1,1,0,2007-03-31,2026-02-28,2280,0.628099173553719,Derived local alias retained for compatibility in the v4 feature layer.
local_term_slope,data/intermediate/feature_panel.csv,local_term_slope,baseline_macro_alias,LOCAL_MAPPED,compatibility_alias,monthly,1,1,1,0,2006-02-28,2026-02-28,2410,0.6639118457300276,Derived local alias retained for compatibility in the v4 feature layer.
local_term_slope_delta_1m,data/intermediate/feature_panel.csv,local_term_slope_delta_1m,baseline_macro_alias,LOCAL_MAPPED,compatibility_alias,monthly,1,1,1,0,2006-03-31,2026-02-28,2400,0.6611570247933884,Derived local alias retained for compatibility in the v4 feature layer.
local_unemp,data/intermediate/feature_panel.csv,local_unemp,baseline_macro_alias,LOCAL_MAPPED,compatibility_alias,monthly,1,1,1,0,2006-02-28,2026-02-28,2410,0.6639118457300276,Derived local alias retained for compatibility in the v4 feature layer.
local_unemp_delta_1m,data/intermediate/feature_panel.csv,local_unemp_delta_1m,baseline_macro_alias,LOCAL_MAPPED,compatibility_alias,monthly,1,1,1,0,2006-03-31,2026-02-28,2400,0.6611570247933884,Derived local alias retained for compatibility in the v4 feature layer.
log_horizon_years,derived_v2_horizon,log_horizon_years,horizon_conditioning,HORIZON,conditioning_feature,monthly,0,0,1,0,2006-01-31,2026-02-28,10890,1.0,Log horizon conditioning variable for multi-horizon models.
long_rate_EA,data/intermediate/feature_panel.csv,long_rate_EA,baseline_macro_canonical,GLOBAL_CANONICAL,level_or_yoy,monthly,1,1,1,0,2006-02-28,2026-02-28,3615,0.9958677685950413,Inherited canonical macro feature from frozen baseline panel.
long_rate_EA_delta_1m,data/intermediate/feature_panel.csv,long_rate_EA_delta_1m,baseline_macro_canonical,GLOBAL_CANONICAL,delta_1m,monthly,1,1,1,0,2006-03-31,2026-02-28,3600,0.9917355371900827,Inherited canonical macro feature from frozen baseline panel.
long_rate_JP,data/intermediate/feature_panel.csv,long_rate_JP,baseline_macro_canonical,GLOBAL_CANONICAL,level_or_yoy,monthly,1,1,1,0,2006-02-28,2026-02-28,3615,0.9958677685950413,Inherited canonical macro feature from frozen baseline panel.
long_rate_JP_delta_1m,data/intermediate/feature_panel.csv,long_rate_JP_delta_1m,baseline_macro_canonical,GLOBAL_CANONICAL,delta_1m,monthly,1,1,1,0,2006-03-31,2026-02-28,3600,0.9917355371900827,Inherited canonical macro feature from frozen baseline panel.
long_rate_US,data/intermediate/feature_panel.csv,long_rate_US,baseline_macro_canonical,GLOBAL_CANONICAL,level_or_yoy,monthly,1,1,1,0,2006-01-31,2026-02-28,3630,1.0,Inherited canonical macro feature from frozen baseline panel.
long_rate_US_delta_1m,data/intermediate/feature_panel.csv,long_rate_US_delta_1m,baseline_macro_canonical,GLOBAL_CANONICAL,delta_1m,monthly,1,1,1,0,2006-02-28,2026-02-28,3615,0.9958677685950413,Inherited canonical macro feature from frozen baseline panel.
macro_stale_flag,data/intermediate/feature_panel.csv,macro_stale_flag,baseline_global_macro,GLOBAL,level_or_flag,monthly,0,1,1,0,2006-01-31,2026-02-28,3630,1.0,Inherited global/stress feature from the frozen baseline panel.
maxdd_12m,data/intermediate/feature_panel.csv,maxdd_12m,baseline_technical,SLEEVE_SPECIFIC,derived_technical,monthly,0,1,1,0,2006-01-31,2026-02-28,3389,0.9336088154269973,Versioned v4 technical feature built from sleeve monthly returns.
mom_12_1,data/intermediate/feature_panel.csv,mom_12_1,baseline_technical,SLEEVE_SPECIFIC,derived_technical,monthly,0,1,1,0,2006-01-31,2026-02-28,3382,0.9316804407713498,Versioned v4 technical feature built from sleeve monthly returns.
no_local_block_flag,derived_v4,no_local_block_flag,metadata_dummy,SLEEVE_SPECIFIC,dummy_flag,monthly,0,1,1,0,2006-01-31,2026-02-28,3630,1.0,Static sleeve/group relevance indicator for v4 interactions.
oecd_activity_proxy_local,derived_v4,oecd_activity_proxy_local,local_mapping,LOCAL_MAPPED,mapped_alias,monthly,0,1,1,0,2006-01-31,2026-02-28,2662,0.7333333333333333,"Mapped local activity proxy, extended to China OECD CLI for EQ_CN."
oecd_bcicp_cn,data/external/akif_candidates/OECD Leading Indicatorscsv.csv,BCICP,oecd_leading,CHINA,level,monthly,1,1,1,0,2006-01-31,2026-02-28,3630,1.0,Top-level OECD leading-indicator file.
oecd_bcicp_cn_delta_1m,data/external/akif_candidates/OECD Leading Indicatorscsv.csv,BCICP,oecd_leading,CHINA,delta_1m,monthly,1,1,1,0,2006-02-28,2026-02-28,3615,0.9958677685950413,Derived from oecd_bcicp_cn
oecd_bcicp_ea,data/external/akif_candidates/OECD Leading Indicatorscsv.csv,BCICP,oecd_leading,EURO_AREA,level,monthly,1,1,1,0,2006-01-31,2026-02-28,3630,1.0,Top-level OECD leading-indicator file.
oecd_bcicp_ea_delta_1m,data/external/akif_candidates/OECD Leading Indicatorscsv.csv,BCICP,oecd_leading,EURO_AREA,delta_1m,monthly,1,1,1,0,2006-02-28,2026-02-28,3615,0.9958677685950413,Derived from oecd_bcicp_ea
oecd_bcicp_jp,data/external/akif_candidates/OECD Leading Indicatorscsv.csv,BCICP,oecd_leading,JAPAN,level,monthly,1,1,1,0,2006-01-31,2026-02-28,3630,1.0,Top-level OECD leading-indicator file.
oecd_bcicp_jp_delta_1m,data/external/akif_candidates/OECD Leading Indicatorscsv.csv,BCICP,oecd_leading,JAPAN,delta_1m,monthly,1,1,1,0,2006-02-28,2026-02-28,3615,0.9958677685950413,Derived from oecd_bcicp_jp
oecd_bcicp_us,data/external/akif_candidates/OECD Leading Indicatorscsv.csv,BCICP,oecd_leading,US,level,monthly,1,1,1,0,2006-01-31,2026-02-28,3630,1.0,Top-level OECD leading-indicator file.
oecd_bcicp_us_delta_1m,data/external/akif_candidates/OECD Leading Indicatorscsv.csv,BCICP,oecd_leading,US,delta_1m,monthly,1,1,1,0,2006-02-28,2026-02-28,3615,0.9958677685950413,Derived from oecd_bcicp_us
oecd_bts_business_situation_ea,"country_level_macro_data/OECD.SDD.STES,DSD_STES@DF_BTS,4.0+CHN+JPN+EA20+USA.M........csv",BU,oecd_bts,EURO_AREA,level,monthly,1,1,1,0,2006-01-31,2026-02-28,3630,1.0,Monthly OECD business-tendency-survey series.
oecd_bts_business_situation_ea_delta_1m,"country_level_macro_data/OECD.SDD.STES,DSD_STES@DF_BTS,4.0+CHN+JPN+EA20+USA.M........csv",BU,oecd_bts,EURO_AREA,delta_1m,monthly,1,1,1,0,2006-02-28,2026-02-28,3615,0.9958677685950413,Derived from oecd_bts_business_situation_ea
oecd_bts_capacity_util_us,"country_level_macro_data/OECD.SDD.STES,DSD_STES@DF_BTS,4.0+CHN+JPN+EA20+USA.M........csv",CURT,oecd_bts,US,level,monthly,1,1,1,0,2006-01-31,2026-02-28,3630,1.0,Monthly OECD business-tendency-survey series.
oecd_bts_capacity_util_us_delta_1m,"country_level_macro_data/OECD.SDD.STES,DSD_STES@DF_BTS,4.0+CHN+JPN+EA20+USA.M........csv",CURT,oecd_bts,US,delta_1m,monthly,1,1,1,0,2006-02-28,2026-02-28,3615,0.9958677685950413,Derived from oecd_bts_capacity_util_us
oecd_bts_demand_evolution_ea,"country_level_macro_data/OECD.SDD.STES,DSD_STES@DF_BTS,4.0+CHN+JPN+EA20+USA.M........csv",DE,oecd_bts,EURO_AREA,level,monthly,1,1,1,0,2006-01-31,2026-02-28,3630,1.0,Monthly OECD business-tendency-survey series.
oecd_bts_demand_evolution_ea_delta_1m,"country_level_macro_data/OECD.SDD.STES,DSD_STES@DF_BTS,4.0+CHN+JPN+EA20+USA.M........csv",DE,oecd_bts,EURO_AREA,delta_1m,monthly,1,1,1,0,2006-02-28,2026-02-28,3615,0.9958677685950413,Derived from oecd_bts_demand_evolution_ea
oecd_bts_employment_ea,"country_level_macro_data/OECD.SDD.STES,DSD_STES@DF_BTS,4.0+CHN+JPN+EA20+USA.M........csv",EM,oecd_bts,EURO_AREA,level,monthly,1,1,1,0,2006-01-31,2026-02-28,3630,1.0,Monthly OECD business-tendency-survey series.
oecd_bts_employment_ea_delta_1m,"country_level_macro_data/OECD.SDD.STES,DSD_STES@DF_BTS,4.0+CHN+JPN+EA20+USA.M........csv",EM,oecd_bts,EURO_AREA,delta_1m,monthly,1,1,1,0,2006-02-28,2026-02-28,3615,0.9958677685950413,Derived from oecd_bts_employment_ea
oecd_bts_employment_us,"country_level_macro_data/OECD.SDD.STES,DSD_STES@DF_BTS,4.0+CHN+JPN+EA20+USA.M........csv",EM,oecd_bts,US,level,monthly,1,1,1,0,2006-01-31,2026-02-28,3630,1.0,Monthly OECD business-tendency-survey series.
oecd_bts_employment_us_delta_1m,"country_level_macro_data/OECD.SDD.STES,DSD_STES@DF_BTS,4.0+CHN+JPN+EA20+USA.M........csv",EM,oecd_bts,US,delta_1m,monthly,1,1,1,0,2006-02-28,2026-02-28,3615,0.9958677685950413,Derived from oecd_bts_employment_us
oecd_bts_export_orders_us,"country_level_macro_data/OECD.SDD.STES,DSD_STES@DF_BTS,4.0+CHN+JPN+EA20+USA.M........csv",XR,oecd_bts,US,level,monthly,1,1,1,0,2006-01-31,2026-02-28,3630,1.0,Monthly OECD business-tendency-survey series.
oecd_bts_export_orders_us_delta_1m,"country_level_macro_data/OECD.SDD.STES,DSD_STES@DF_BTS,4.0+CHN+JPN+EA20+USA.M........csv",XR,oecd_bts,US,delta_1m,monthly,1,1,1,0,2006-02-28,2026-02-28,3615,0.9958677685950413,Derived from oecd_bts_export_orders_us
oecd_bts_order_books_ea,"country_level_macro_data/OECD.SDD.STES,DSD_STES@DF_BTS,4.0+CHN+JPN+EA20+USA.M........csv",OB,oecd_bts,EURO_AREA,level,monthly,1,1,1,0,2006-01-31,2026-02-28,3630,1.0,Monthly OECD business-tendency-survey series.
oecd_bts_order_books_ea_delta_1m,"country_level_macro_data/OECD.SDD.STES,DSD_STES@DF_BTS,4.0+CHN+JPN+EA20+USA.M........csv",OB,oecd_bts,EURO_AREA,delta_1m,monthly,1,1,1,0,2006-02-28,2026-02-28,3615,0.9958677685950413,Derived from oecd_bts_order_books_ea
oecd_bts_order_books_us,"country_level_macro_data/OECD.SDD.STES,DSD_STES@DF_BTS,4.0+CHN+JPN+EA20+USA.M........csv",OB,oecd_bts,US,level,monthly,1,1,1,0,2006-01-31,2026-02-28,3630,1.0,Monthly OECD business-tendency-survey series.
oecd_bts_order_books_us_delta_1m,"country_level_macro_data/OECD.SDD.STES,DSD_STES@DF_BTS,4.0+CHN+JPN+EA20+USA.M........csv",OB,oecd_bts,US,delta_1m,monthly,1,1,1,0,2006-02-28,2026-02-28,3615,0.9958677685950413,Derived from oecd_bts_order_books_us
oecd_bts_order_demand_ea,"country_level_macro_data/OECD.SDD.STES,DSD_STES@DF_BTS,4.0+CHN+JPN+EA20+USA.M........csv",OD,oecd_bts,EURO_AREA,level,monthly,1,1,1,0,2006-01-31,2026-02-28,3630,1.0,Monthly OECD business-tendency-survey series.
oecd_bts_order_demand_ea_delta_1m,"country_level_macro_data/OECD.SDD.STES,DSD_STES@DF_BTS,4.0+CHN+JPN+EA20+USA.M........csv",OD,oecd_bts,EURO_AREA,delta_1m,monthly,1,1,1,0,2006-02-28,2026-02-28,3615,0.9958677685950413,Derived from oecd_bts_order_demand_ea
oecd_bts_orders_inflow_us,"country_level_macro_data/OECD.SDD.STES,DSD_STES@DF_BTS,4.0+CHN+JPN+EA20+USA.M........csv",OI,oecd_bts,US,level,monthly,1,1,1,0,2006-01-31,2026-02-28,3630,1.0,Monthly OECD business-tendency-survey series.
oecd_bts_orders_inflow_us_delta_1m,"country_level_macro_data/OECD.SDD.STES,DSD_STES@DF_BTS,4.0+CHN+JPN+EA20+USA.M........csv",OI,oecd_bts,US,delta_1m,monthly,1,1,1,0,2006-02-28,2026-02-28,3615,0.9958677685950413,Derived from oecd_bts_orders_inflow_us
oecd_bts_production_ea,"country_level_macro_data/OECD.SDD.STES,DSD_STES@DF_BTS,4.0+CHN+JPN+EA20+USA.M........csv",PR,oecd_bts,EURO_AREA,level,monthly,1,1,1,0,2006-01-31,2026-02-28,3630,1.0,Monthly OECD business-tendency-survey series.
oecd_bts_production_ea_delta_1m,"country_level_macro_data/OECD.SDD.STES,DSD_STES@DF_BTS,4.0+CHN+JPN+EA20+USA.M........csv",PR,oecd_bts,EURO_AREA,delta_1m,monthly,1,1,1,0,2006-02-28,2026-02-28,3615,0.9958677685950413,Derived from oecd_bts_production_ea
oecd_bts_production_us,"country_level_macro_data/OECD.SDD.STES,DSD_STES@DF_BTS,4.0+CHN+JPN+EA20+USA.M........csv",PR,oecd_bts,US,level,monthly,1,1,1,0,2006-01-31,2026-02-28,3630,1.0,Monthly OECD business-tendency-survey series.
oecd_bts_production_us_delta_1m,"country_level_macro_data/OECD.SDD.STES,DSD_STES@DF_BTS,4.0+CHN+JPN+EA20+USA.M........csv",PR,oecd_bts,US,delta_1m,monthly,1,1,1,0,2006-02-28,2026-02-28,3615,0.9958677685950413,Derived from oecd_bts_production_us
oecd_bts_selling_prices_ea,"country_level_macro_data/OECD.SDD.STES,DSD_STES@DF_BTS,4.0+CHN+JPN+EA20+USA.M........csv",SP,oecd_bts,EURO_AREA,level,monthly,1,1,1,0,2006-01-31,2026-02-28,3630,1.0,Monthly OECD business-tendency-survey series.
oecd_bts_selling_prices_ea_delta_1m,"country_level_macro_data/OECD.SDD.STES,DSD_STES@DF_BTS,4.0+CHN+JPN+EA20+USA.M........csv",SP,oecd_bts,EURO_AREA,delta_1m,monthly,1,1,1,0,2006-02-28,2026-02-28,3615,0.9958677685950413,Derived from oecd_bts_selling_prices_ea
oecd_bts_selling_prices_jp,"country_level_macro_data/OECD.SDD.STES,DSD_STES@DF_BTS,4.0+CHN+JPN+EA20+USA.M........csv",SP,oecd_bts,JAPAN,level,monthly,1,1,1,0,2006-01-31,2026-02-28,3630,1.0,Monthly OECD business-tendency-survey series.
oecd_bts_selling_prices_jp_delta_1m,"country_level_macro_data/OECD.SDD.STES,DSD_STES@DF_BTS,4.0+CHN+JPN+EA20+USA.M........csv",SP,oecd_bts,JAPAN,delta_1m,monthly,1,1,1,0,2006-02-28,2026-02-28,3615,0.9958677685950413,Derived from oecd_bts_selling_prices_jp
oecd_bts_volume_stocks_ea,"country_level_macro_data/OECD.SDD.STES,DSD_STES@DF_BTS,4.0+CHN+JPN+EA20+USA.M........csv",VS,oecd_bts,EURO_AREA,level,monthly,1,1,1,0,2006-01-31,2026-02-28,3630,1.0,Monthly OECD business-tendency-survey series.
oecd_bts_volume_stocks_ea_delta_1m,"country_level_macro_data/OECD.SDD.STES,DSD_STES@DF_BTS,4.0+CHN+JPN+EA20+USA.M........csv",VS,oecd_bts,EURO_AREA,delta_1m,monthly,1,1,1,0,2006-02-28,2026-02-28,3615,0.9958677685950413,Derived from oecd_bts_volume_stocks_ea
oecd_business_conf_local,derived_v4,oecd_business_conf_local,local_mapping,LOCAL_MAPPED,mapped_alias,monthly,0,1,1,0,2006-01-31,2026-02-28,2662,0.7333333333333333,"Mapped local business-confidence series, extended to China for EQ_CN."
oecd_ccicp_cn,data/external/akif_candidates/OECD Leading Indicatorscsv.csv,CCICP,oecd_leading,CHINA,level,monthly,1,1,1,0,2006-01-31,2026-02-28,3630,1.0,Top-level OECD leading-indicator file.
oecd_ccicp_cn_delta_1m,data/external/akif_candidates/OECD Leading Indicatorscsv.csv,CCICP,oecd_leading,CHINA,delta_1m,monthly,1,1,1,0,2006-02-28,2026-02-28,3615,0.9958677685950413,Derived from oecd_ccicp_cn
oecd_ccicp_ea,data/external/akif_candidates/OECD Leading Indicatorscsv.csv,CCICP,oecd_leading,EURO_AREA,level,monthly,1,1,1,0,2006-01-31,2026-02-28,3630,1.0,Top-level OECD leading-indicator file.
oecd_ccicp_ea_delta_1m,data/external/akif_candidates/OECD Leading Indicatorscsv.csv,CCICP,oecd_leading,EURO_AREA,delta_1m,monthly,1,1,1,0,2006-02-28,2026-02-28,3615,0.9958677685950413,Derived from oecd_ccicp_ea
oecd_ccicp_jp,data/external/akif_candidates/OECD Leading Indicatorscsv.csv,CCICP,oecd_leading,JAPAN,level,monthly,1,1,1,0,2006-01-31,2026-02-28,3630,1.0,Top-level OECD leading-indicator file.
oecd_ccicp_jp_delta_1m,data/external/akif_candidates/OECD Leading Indicatorscsv.csv,CCICP,oecd_leading,JAPAN,delta_1m,monthly,1,1,1,0,2006-02-28,2026-02-28,3615,0.9958677685950413,Derived from oecd_ccicp_jp
oecd_ccicp_us,data/external/akif_candidates/OECD Leading Indicatorscsv.csv,CCICP,oecd_leading,US,level,monthly,1,1,1,0,2006-01-31,2026-02-28,3630,1.0,Top-level OECD leading-indicator file.
oecd_ccicp_us_delta_1m,data/external/akif_candidates/OECD Leading Indicatorscsv.csv,CCICP,oecd_leading,US,delta_1m,monthly,1,1,1,0,2006-02-28,2026-02-28,3615,0.9958677685950413,Derived from oecd_ccicp_us
oecd_consumer_conf_local,derived_v4,oecd_consumer_conf_local,local_mapping,LOCAL_MAPPED,mapped_alias,monthly,0,1,1,0,2006-01-31,2026-02-28,2662,0.7333333333333333,"Mapped local consumer-confidence series, extended to China for EQ_CN."
oecd_li_cn,data/external/akif_candidates/OECD Leading Indicatorscsv.csv,LI,oecd_leading,CHINA,level,monthly,1,1,1,0,2006-01-31,2026-02-28,3630,1.0,Top-level OECD leading-indicator file.
oecd_li_cn_delta_1m,data/external/akif_candidates/OECD Leading Indicatorscsv.csv,LI,oecd_leading,CHINA,delta_1m,monthly,1,1,1,0,2006-02-28,2026-02-28,3615,0.9958677685950413,Derived from oecd_li_cn
oecd_li_jp,data/external/akif_candidates/OECD Leading Indicatorscsv.csv,LI,oecd_leading,JAPAN,level,monthly,1,1,1,0,2006-01-31,2026-02-28,3630,1.0,Top-level OECD leading-indicator file.
oecd_li_jp_delta_1m,data/external/akif_candidates/OECD Leading Indicatorscsv.csv,LI,oecd_leading,JAPAN,delta_1m,monthly,1,1,1,0,2006-02-28,2026-02-28,3615,0.9958677685950413,Derived from oecd_li_jp
oecd_li_us,data/external/akif_candidates/OECD Leading Indicatorscsv.csv,LI,oecd_leading,US,level,monthly,1,1,1,0,2006-01-31,2026-02-28,3630,1.0,Top-level OECD leading-indicator file.
oecd_li_us_delta_1m,data/external/akif_candidates/OECD Leading Indicatorscsv.csv,LI,oecd_leading,US,delta_1m,monthly,1,1,1,0,2006-02-28,2026-02-28,3615,0.9958677685950413,Derived from oecd_li_us
oil_wti,data/intermediate/feature_panel.csv,oil_wti,baseline_global_macro,GLOBAL,level_or_flag,monthly,0,1,1,0,2006-01-31,2026-02-28,3630,1.0,Inherited global/stress feature from the frozen baseline panel.
oil_wti_level,data/intermediate/feature_panel.csv,oil_wti_level,baseline_global_macro,GLOBAL,level_or_flag,monthly,0,1,1,0,2006-01-31,2026-02-28,3630,1.0,Inherited global/stress feature from the frozen baseline panel.
oil_wti_logchg_12m,data/intermediate/feature_panel.csv,oil_wti_logchg_12m,baseline_global_macro,GLOBAL,delta_1m,monthly,0,1,1,0,2007-01-31,2026-02-28,3450,0.9504132231404959,Inherited global/stress feature from the frozen baseline panel.
oil_wti_logchg_1m,data/intermediate/feature_panel.csv,oil_wti_logchg_1m,baseline_global_macro,GLOBAL,delta_1m,monthly,0,1,1,0,2006-02-28,2026-02-28,3615,0.9958677685950413,Inherited global/stress feature from the frozen baseline panel.
rel_mom_vs_treasury,data/intermediate/feature_panel.csv,rel_mom_vs_treasury,baseline_technical,SLEEVE_SPECIFIC,derived_technical,monthly,0,1,1,0,2006-01-31,2026-02-28,3382,0.9316804407713498,Versioned v4 technical feature built from sleeve monthly returns.
rel_mom_vs_us_equity,data/intermediate/feature_panel.csv,rel_mom_vs_us_equity,baseline_technical,SLEEVE_SPECIFIC,derived_technical,monthly,0,1,1,0,2006-01-31,2026-02-28,3382,0.9316804407713498,Versioned v4 technical feature built from sleeve monthly returns.
rel_ret_1m_vs_treasury,data/intermediate/feature_panel.csv,rel_ret_1m_vs_treasury,baseline_technical,SLEEVE_SPECIFIC,derived_technical,monthly,0,1,1,0,2006-01-31,2026-02-28,3457,0.9523415977961432,Versioned v4 technical feature built from sleeve monthly returns.
rel_ret_1m_vs_us_equity,data/intermediate/feature_panel.csv,rel_ret_1m_vs_us_equity,baseline_technical,SLEEVE_SPECIFIC,derived_technical,monthly,0,1,1,0,2006-01-31,2026-02-28,3457,0.9523415977961432,Versioned v4 technical feature built from sleeve monthly returns.
ret_12m_lag,data/intermediate/feature_panel.csv,ret_12m_lag,baseline_technical,SLEEVE_SPECIFIC,derived_technical,monthly,0,1,1,0,2006-01-31,2026-02-28,3389,0.9336088154269973,Versioned v4 technical feature built from sleeve monthly returns.
ret_1m_lag,data/intermediate/feature_panel.csv,ret_1m_lag,baseline_technical,SLEEVE_SPECIFIC,derived_technical,monthly,0,1,1,0,2006-01-31,2026-02-28,3457,0.9523415977961432,Versioned v4 technical feature built from sleeve monthly returns.
ret_3m_lag,data/intermediate/feature_panel.csv,ret_3m_lag,baseline_technical,SLEEVE_SPECIFIC,derived_technical,monthly,0,1,1,0,2006-01-31,2026-02-28,3445,0.9490358126721763,Versioned v4 technical feature built from sleeve monthly returns.
ret_6m_lag,data/intermediate/feature_panel.csv,ret_6m_lag,baseline_technical,SLEEVE_SPECIFIC,derived_technical,monthly,0,1,1,0,2006-01-31,2026-02-28,3427,0.9440771349862259,Versioned v4 technical feature built from sleeve monthly returns.
short_rate_EA,data/intermediate/feature_panel.csv,short_rate_EA,baseline_macro_canonical,GLOBAL_CANONICAL,level_or_yoy,monthly,1,1,1,0,2006-02-28,2026-02-28,3615,0.9958677685950413,Inherited canonical macro feature from frozen baseline panel.
short_rate_EA_delta_1m,data/intermediate/feature_panel.csv,short_rate_EA_delta_1m,baseline_macro_canonical,GLOBAL_CANONICAL,delta_1m,monthly,1,1,1,0,2006-03-31,2026-02-28,3600,0.9917355371900827,Inherited canonical macro feature from frozen baseline panel.
short_rate_JP,data/intermediate/feature_panel.csv,short_rate_JP,baseline_macro_canonical,GLOBAL_CANONICAL,level_or_yoy,monthly,1,1,1,0,2006-02-28,2026-02-28,3615,0.9958677685950413,Inherited canonical macro feature from frozen baseline panel.
short_rate_JP_delta_1m,data/intermediate/feature_panel.csv,short_rate_JP_delta_1m,baseline_macro_canonical,GLOBAL_CANONICAL,delta_1m,monthly,1,1,1,0,2006-03-31,2026-02-28,3600,0.9917355371900827,Inherited canonical macro feature from frozen baseline panel.
short_rate_US,data/intermediate/feature_panel.csv,short_rate_US,baseline_macro_canonical,GLOBAL_CANONICAL,level_or_yoy,monthly,1,1,1,0,2006-02-28,2026-02-28,3615,0.9958677685950413,Inherited canonical macro feature from frozen baseline panel.
short_rate_US_delta_1m,data/intermediate/feature_panel.csv,short_rate_US_delta_1m,baseline_macro_canonical,GLOBAL_CANONICAL,delta_1m,monthly,1,1,1,0,2006-03-31,2026-02-28,3600,0.9917355371900827,Inherited canonical macro feature from frozen baseline panel.
sleeve_dummy_alt_gld,derived_v4,sleeve_dummy_alt_gld,metadata_dummy,SLEEVE_SPECIFIC,dummy_flag,monthly,0,1,1,0,2006-01-31,2026-02-28,3630,1.0,Static sleeve/group relevance indicator for v4 interactions.
sleeve_dummy_cr_eu_hy,derived_v4,sleeve_dummy_cr_eu_hy,metadata_dummy,SLEEVE_SPECIFIC,dummy_flag,monthly,0,1,1,0,2006-01-31,2026-02-28,3630,1.0,Static sleeve/group relevance indicator for v4 interactions.
sleeve_dummy_cr_eu_ig,derived_v4,sleeve_dummy_cr_eu_ig,metadata_dummy,SLEEVE_SPECIFIC,dummy_flag,monthly,0,1,1,0,2006-01-31,2026-02-28,3630,1.0,Static sleeve/group relevance indicator for v4 interactions.
sleeve_dummy_cr_us_hy,derived_v4,sleeve_dummy_cr_us_hy,metadata_dummy,SLEEVE_SPECIFIC,dummy_flag,monthly,0,1,1,0,2006-01-31,2026-02-28,3630,1.0,Static sleeve/group relevance indicator for v4 interactions.
sleeve_dummy_cr_us_ig,derived_v4,sleeve_dummy_cr_us_ig,metadata_dummy,SLEEVE_SPECIFIC,dummy_flag,monthly,0,1,1,0,2006-01-31,2026-02-28,3630,1.0,Static sleeve/group relevance indicator for v4 interactions.
sleeve_dummy_eq_cn,derived_v4,sleeve_dummy_eq_cn,metadata_dummy,SLEEVE_SPECIFIC,dummy_flag,monthly,0,1,1,0,2006-01-31,2026-02-28,3630,1.0,Static sleeve/group relevance indicator for v4 interactions.
sleeve_dummy_eq_em,derived_v4,sleeve_dummy_eq_em,metadata_dummy,SLEEVE_SPECIFIC,dummy_flag,monthly,0,1,1,0,2006-01-31,2026-02-28,3630,1.0,Static sleeve/group relevance indicator for v4 interactions.
sleeve_dummy_eq_ez,derived_v4,sleeve_dummy_eq_ez,metadata_dummy,SLEEVE_SPECIFIC,dummy_flag,monthly,0,1,1,0,2006-01-31,2026-02-28,3630,1.0,Static sleeve/group relevance indicator for v4 interactions.
sleeve_dummy_eq_jp,derived_v4,sleeve_dummy_eq_jp,metadata_dummy,SLEEVE_SPECIFIC,dummy_flag,monthly,0,1,1,0,2006-01-31,2026-02-28,3630,1.0,Static sleeve/group relevance indicator for v4 interactions.
sleeve_dummy_eq_us,derived_v4,sleeve_dummy_eq_us,metadata_dummy,SLEEVE_SPECIFIC,dummy_flag,monthly,0,1,1,0,2006-01-31,2026-02-28,3630,1.0,Static sleeve/group relevance indicator for v4 interactions.
sleeve_dummy_fi_eu_govt,derived_v4,sleeve_dummy_fi_eu_govt,metadata_dummy,SLEEVE_SPECIFIC,dummy_flag,monthly,0,1,1,0,2006-01-31,2026-02-28,3630,1.0,Static sleeve/group relevance indicator for v4 interactions.
sleeve_dummy_fi_ust,derived_v4,sleeve_dummy_fi_ust,metadata_dummy,SLEEVE_SPECIFIC,dummy_flag,monthly,0,1,1,0,2006-01-31,2026-02-28,3630,1.0,Static sleeve/group relevance indicator for v4 interactions.
sleeve_dummy_listed_infra,derived_v4,sleeve_dummy_listed_infra,metadata_dummy,SLEEVE_SPECIFIC,dummy_flag,monthly,0,1,1,0,2006-01-31,2026-02-28,3630,1.0,Static sleeve/group relevance indicator for v4 interactions.
sleeve_dummy_listed_re,derived_v4,sleeve_dummy_listed_re,metadata_dummy,SLEEVE_SPECIFIC,dummy_flag,monthly,0,1,1,0,2006-01-31,2026-02-28,3630,1.0,Static sleeve/group relevance indicator for v4 interactions.
sleeve_dummy_re_us,derived_v4,sleeve_dummy_re_us,metadata_dummy,SLEEVE_SPECIFIC,dummy_flag,monthly,0,1,1,0,2006-01-31,2026-02-28,3630,1.0,Static sleeve/group relevance indicator for v4 interactions.
term_slope_EA,data/intermediate/feature_panel.csv,term_slope_EA,baseline_macro_canonical,GLOBAL_CANONICAL,level_or_yoy,monthly,1,1,1,0,2006-02-28,2026-02-28,3615,0.9958677685950413,Inherited canonical macro feature from frozen baseline panel.
term_slope_EA_delta_1m,data/intermediate/feature_panel.csv,term_slope_EA_delta_1m,baseline_macro_canonical,GLOBAL_CANONICAL,delta_1m,monthly,1,1,1,0,2006-03-31,2026-02-28,3600,0.9917355371900827,Inherited canonical macro feature from frozen baseline panel.
term_slope_JP,data/intermediate/feature_panel.csv,term_slope_JP,baseline_macro_canonical,GLOBAL_CANONICAL,level_or_yoy,monthly,1,1,1,0,2006-02-28,2026-02-28,3615,0.9958677685950413,Inherited canonical macro feature from frozen baseline panel.
term_slope_JP_delta_1m,data/intermediate/feature_panel.csv,term_slope_JP_delta_1m,baseline_macro_canonical,GLOBAL_CANONICAL,delta_1m,monthly,1,1,1,0,2006-03-31,2026-02-28,3600,0.9917355371900827,Inherited canonical macro feature from frozen baseline panel.
term_slope_US,data/intermediate/feature_panel.csv,term_slope_US,baseline_macro_canonical,GLOBAL_CANONICAL,level_or_yoy,monthly,1,1,1,0,2006-02-28,2026-02-28,3615,0.9958677685950413,Inherited canonical macro feature from frozen baseline panel.
term_slope_US_delta_1m,data/intermediate/feature_panel.csv,term_slope_US_delta_1m,baseline_macro_canonical,GLOBAL_CANONICAL,delta_1m,monthly,1,1,1,0,2006-03-31,2026-02-28,3600,0.9917355371900827,Inherited canonical macro feature from frozen baseline panel.
unemp_EA,data/intermediate/feature_panel.csv,unemp_EA,baseline_macro_canonical,GLOBAL_CANONICAL,level_or_yoy,monthly,1,1,1,0,2006-02-28,2026-02-28,3615,0.9958677685950413,Inherited canonical macro feature from frozen baseline panel.
unemp_EA_delta_1m,data/intermediate/feature_panel.csv,unemp_EA_delta_1m,baseline_macro_canonical,GLOBAL_CANONICAL,delta_1m,monthly,1,1,1,0,2006-03-31,2026-02-28,3600,0.9917355371900827,Inherited canonical macro feature from frozen baseline panel.
unemp_JP,data/intermediate/feature_panel.csv,unemp_JP,baseline_macro_canonical,GLOBAL_CANONICAL,level_or_yoy,monthly,1,1,1,0,2006-02-28,2026-02-28,3615,0.9958677685950413,Inherited canonical macro feature from frozen baseline panel.
unemp_JP_delta_1m,data/intermediate/feature_panel.csv,unemp_JP_delta_1m,baseline_macro_canonical,GLOBAL_CANONICAL,delta_1m,monthly,1,1,1,0,2006-03-31,2026-02-28,3600,0.9917355371900827,Inherited canonical macro feature from frozen baseline panel.
unemp_US,data/intermediate/feature_panel.csv,unemp_US,baseline_macro_canonical,GLOBAL_CANONICAL,level_or_yoy,monthly,1,1,1,0,2006-02-28,2026-02-28,3615,0.9958677685950413,Inherited canonical macro feature from frozen baseline panel.
unemp_US_delta_1m,data/intermediate/feature_panel.csv,unemp_US_delta_1m,baseline_macro_canonical,GLOBAL_CANONICAL,delta_1m,monthly,1,1,1,0,2006-03-31,2026-02-28,3600,0.9917355371900827,Inherited canonical macro feature from frozen baseline panel.
us_hy_eff_yield,country_level_macro_data/BAMLH0A0HYM2EY.csv,BAMLH0A0HYM2EY,credit_stress,US,level,daily,0,1,1,0,2006-01-31,2026-02-28,3630,1.0,
us_hy_eff_yield_delta_1m,country_level_macro_data/BAMLH0A0HYM2EY.csv,BAMLH0A0HYM2EY,credit_stress,US,delta_1m,daily,0,1,1,0,2006-02-28,2026-02-28,3615,0.9958677685950413,Derived from us_hy_eff_yield
us_hy_oas,country_level_macro_data/BAMLH0A0HYM2.csv,BAMLH0A0HYM2,credit_stress,US,level,daily,0,1,1,0,2006-01-31,2026-02-28,3630,1.0,
us_hy_oas_delta_1m,country_level_macro_data/BAMLH0A0HYM2.csv,BAMLH0A0HYM2,credit_stress,US,delta_1m,daily,0,1,1,0,2006-02-28,2026-02-28,3615,0.9958677685950413,Derived from us_hy_oas
us_real10y,data/intermediate/feature_panel.csv,us_real10y,baseline_global_macro,GLOBAL,level_or_flag,monthly,0,1,1,0,2006-01-31,2026-02-28,3630,1.0,Inherited global/stress feature from the frozen baseline panel.
us_real10y_delta_1m,data/intermediate/feature_panel.csv,us_real10y_delta_1m,baseline_global_macro,GLOBAL,delta_1m,monthly,0,1,1,0,2006-02-28,2026-02-28,3615,0.9958677685950413,Inherited global/stress feature from the frozen baseline panel.
us_real10y_level,data/intermediate/feature_panel.csv,us_real10y_level,baseline_global_macro,GLOBAL,level_or_flag,monthly,0,1,1,0,2006-01-31,2026-02-28,3630,1.0,Inherited global/stress feature from the frozen baseline panel.
usd_broad,data/intermediate/feature_panel.csv,usd_broad,baseline_global_macro,GLOBAL,level_or_flag,monthly,0,1,1,0,2006-01-31,2026-02-28,3630,1.0,Inherited global/stress feature from the frozen baseline panel.
usd_broad_level,data/intermediate/feature_panel.csv,usd_broad_level,baseline_global_macro,GLOBAL,level_or_flag,monthly,0,1,1,0,2006-01-31,2026-02-28,3630,1.0,Inherited global/stress feature from the frozen baseline panel.
usd_broad_logchg_12m,data/intermediate/feature_panel.csv,usd_broad_logchg_12m,baseline_global_macro,GLOBAL,delta_1m,monthly,0,1,1,0,2007-01-31,2026-02-28,3450,0.9504132231404959,Inherited global/stress feature from the frozen baseline panel.
usd_broad_logchg_1m,data/intermediate/feature_panel.csv,usd_broad_logchg_1m,baseline_global_macro,GLOBAL,delta_1m,monthly,0,1,1,0,2006-02-28,2026-02-28,3615,0.9958677685950413,Inherited global/stress feature from the frozen baseline panel.
vix,data/intermediate/feature_panel.csv,vix,baseline_global_macro,GLOBAL,level_or_flag,monthly,0,1,1,0,2006-01-31,2026-02-28,3630,1.0,Inherited global/stress feature from the frozen baseline panel.
vix_delta_1m,data/intermediate/feature_panel.csv,vix_delta_1m,baseline_global_macro,GLOBAL,delta_1m,monthly,0,1,1,0,2006-02-28,2026-02-28,3615,0.9958677685950413,Inherited global/stress feature from the frozen baseline panel.
vix_level,data/intermediate/feature_panel.csv,vix_level,baseline_global_macro,GLOBAL,level_or_flag,monthly,0,1,1,0,2006-01-31,2026-02-28,3630,1.0,Inherited global/stress feature from the frozen baseline panel.
vol_12m,data/intermediate/feature_panel.csv,vol_12m,baseline_technical,SLEEVE_SPECIFIC,derived_technical,monthly,0,1,1,0,2006-01-31,2026-02-28,3389,0.9336088154269973,Versioned v4 technical feature built from sleeve monthly returns.
vol_3m,data/intermediate/feature_panel.csv,vol_3m,baseline_technical,SLEEVE_SPECIFIC,derived_technical,monthly,0,1,1,0,2006-01-31,2026-02-28,3445,0.9490358126721763,Versioned v4 technical feature built from sleeve monthly returns.
